,Source,Reference,Adopted Mass,Object Radius,Old Accr Rate,Ha Accr Rate,PaB Accr Rate,BrG Accr Rate,Avg Accr Rate
0,2MASS J16085953-3856275,Alcala 2017,0.023677,0.29,,,,,
1,2MASS J15414081-3345188,Alcala 2017,0.045801999999999995,0.26,6.3099999999999996e-12,3.0692261264321893e-12,8.864854732874266e-12,1.2348882281580412e-11,8.094321046962289e-12
2,2MASS J16083733-3923109,Alcala 2017,0.031800999999999996,0.22,2.5099999999999996e-12,,,,
3,ISO-Oph 033,Comeron 2010,0.047607,0.64,9.5e-10,,,,
4,ISO-Oph 023,Gatti 2006,0.058417,0.43,2.0400000000000002e-10,,1.811885181058427e-11,1.1730863709129167e-10,6.771374445093797e-11
5,2MASS J16262152-2426009,Gatti 2006,0.058417,0.37,2.88e-10,,,,
6,ISO-Oph 033,Gatti 2006,0.047607,0.64,1.48e-11,,,,
7,ISO-Oph 102,Gatti 2006,0.058417,0.4,6.759999999999999e-10,,2.1589164366168345e-10,5.876383047931995e-10,4.017649742274415e-10
8,ISO-Oph 160,Gatti 2006,0.058417,0.47,2.24e-10,,4.087721289922531e-11,2.569662276699668e-10,1.4892172028459604e-10
9,2MASS J16273863-2438391,Gatti 2006,0.038932999999999995,0.69,4.07e-10,,,,
10,ISO-Oph 193,Gatti 2006,0.058417,0.42,1.32e-09,,1.0129073263959135e-10,5.425938352888097e-10,3.2194228396420053e-10
11,2MASS J04141188+2811535,Herczeg 2008,0.052624000000000004,0.69,9e-10,6.775457676686759e-10,,,6.775457676686759e-10
12,2MASS J04390396+2544264,Herczeg 2008,0.035005,0.69,6.900000000000001e-12,1.0771660906684973e-10,,,1.0771660906684973e-10
13,2MASS J04414825+2534304,Herczeg 2008,0.031573000000000004,0.42,1.9e-11,6.388454502034427e-11,,,6.388454502034427e-11
14,2MASS J04442713+2512164,Herczeg 2008,0.05,0.45,9.2e-12,4.6896684110922574e-11,,,4.6896684110922574e-11
15,2MASS J12073346-3932539,Herczeg 2008,0.024,0.52,2.3e-12,4.56125069542887e-11,,,4.56125069542887e-11
16,2MASS J12073346-3932539,Herczeg 2008,0.024,0.52,1.6999999999999998e-12,1.2899220386420715e-11,,,1.2899220386420715e-11
17,2MASS J12073346-3932539,Herczeg 2009,0.035,0.52,1.26e-12,6.59364330022231e-12,,,6.59364330022231e-12
18,DENIS J160603.9-205644,Herczeg 2009,0.03689,0.35,2.5099999999999996e-12,2.0660669040205784e-11,,,2.0660669040205784e-11
19,Oph 11A,Herczeg 2009,0.03689,0.25,5.01e-14,3.706826841758944e-13,,,3.706826841758944e-13
20,Oph 11B,Herczeg 2009,0.023688999999999998,0.23,2.51e-13,1.8015237924177504e-12,,,1.8015237924177504e-12
21,2MASS J11020983-3430355,Herczeg 2009,0.026,0.23,1.58e-13,7.315974251512975e-13,,,7.315974251512975e-13
22,2MASS J16060374-2219298,Herczeg 2009,0.023688999999999998,0.17,5.01e-13,4.6973686972269265e-12,,,4.6973686972269265e-12
23,2MASS J16072382-2211018,Herczeg 2009,0.025279,0.22,5.009999999999999e-12,6.349144906309238e-14,,,6.349144906309238e-14
24,2MASS J15591135-2338002,Herczeg 2009,0.039758,0.98,3.9800000000000004e-12,3.433689091488699e-11,,,3.433689091488699e-11
25,ISO-Oph 023,Manara 2015,0.058417,0.43,1.41e-10,2.2372218389622285e-10,1.1034137272701382e-10,2.1614949445337188e-10,1.8340435035886954e-10
26,ISO-Oph 032,Manara 2015,0.047607,0.54,3.24e-11,1.0517276690790998e-10,5.3643879010335084e-11,,7.940832295912253e-11
27,ISO-Oph 033,Manara 2015,0.047607,0.64,2.0000000000000002e-11,3.940387456406492e-11,,,3.940387456406492e-11
28,ISO-Oph 160,Manara 2015,0.058417,0.47,2.75e-10,2.6675869851201883e-10,6.358558526749986e-10,3.2541499761253585e-10,4.093431829331844e-10
29,2MASS J16273863-2438391,Manara 2015,0.038932999999999995,0.69,1.26e-09,7.460908688755329e-10,1.9458608238980502e-09,,1.3459758463867916e-09
30,ISO-Oph 176,Manara 2015,0.031389999999999994,0.6,1.8600000000000002e-11,4.111376879105199e-11,,,4.111376879105199e-11
31,2MASS J12073346-3932539,Mohanty 2005,0.035,,1.26e-11,,,,
32,2MASS J12073346-3932539,Mohanty 2005,0.035,,7.94e-12,,,,
33,2MASS J04394748+2601407,Mohanty 2005,0.038932999999999995,0.53,2.0000000000000002e-11,,,,
34,2MASS J04394748+2601407,Mohanty 2005,0.038932999999999995,0.53,1.26e-11,,,,
35,2MASS J16273863-2438391,Mohanty 2005,0.038932999999999995,,3.98e-11,,,,
36,2MASS J16273863-2438391,Mohanty 2005,0.038932999999999995,,2.51e-11,,,,
37,Cl* IC 348 LRL 291,Mohanty 2005,0.035005,,1.58e-11,,,,
38,Cl* IC 348 LRL 291,Mohanty 2005,0.035005,,1.0000000000000001e-11,,,,
39,Cl* IC 348 LRL 415,Mohanty 2005,0.05170399999999999,,3.98e-10,,,,
40,Cl* IC 348 LRL 415,Mohanty 2005,0.05170399999999999,,1.5800000000000002e-10,,,,
41,2MASS J04190126+2802487,Mohanty 2005,0.018053,,3.16e-11,,,,
42,2MASS J04190126+2802487,Mohanty 2005,0.018053,,2.0000000000000002e-11,,,,
43,2MASS J04272799+2612052,Mohanty 2005,0.016166999999999997,1.73,7.94e-12,1.4784668305660603e-11,,,1.4784668305660603e-11
44,2MASS J04272799+2612052,Mohanty 2005,0.016166999999999997,1.73,6.3099999999999996e-12,1.4784668305660603e-11,,,1.4784668305660603e-11
45,2MASS J04300724+2608207,Mohanty 2005,0.020985,,1.58e-11,,,,
46,2MASS J04300724+2608207,Mohanty 2005,0.020985,,1.0000000000000001e-11,,,,
47,2MASS J04305718+2556394,Mohanty 2005,0.022968000000000002,,1.0000000000000001e-11,,,,
48,2MASS J04305718+2556394,Mohanty 2005,0.022968000000000002,,6.3099999999999996e-12,,,,
49,DENIS J160603.9-205644,Mohanty 2005,0.034142,,1.58e-11,,,,
50,DENIS J160603.9-205644,Mohanty 2005,0.034142,,1.0000000000000001e-11,,,,
51,Cl* IC 348 LRL 382,Muzerolle 2003,0.046938,0.5,5.0100000000000007e-11,,,,
52,Cl* IC 348 LRL 415,Muzerolle 2003,0.05170399999999999,0.5,5.01e-10,,,,
53,2MASS J04321606+1812464,Muzerolle 2003,0.057198,0.5,1.58e-11,,,,
54,2MASS J11013205-7718249,Muzerolle 2005,0.025751999999999997,0.3,,,,,
55,2MASS J04141188+2811535,Muzerolle 2005,0.052624000000000004,0.69,1e-10,,,,
56,2MASS J04381486+2611399,Muzerolle 2005,0.035005,0.69,1.58e-11,2.6350236205635504e-12,,,2.6350236205635504e-12
57,2MASS J04390396+2544264,Muzerolle 2005,0.035005,0.69,5.009999999999999e-12,4.608848456326098e-11,,,4.608848456326098e-11
58,2MASS J04414825+2534304,Muzerolle 2005,0.031573000000000004,0.42,5.009999999999999e-12,,,,
59,2MASS J04554801+3028050,Muzerolle 2005,0.058417,0.28,1e-12,,,,
60,2MASS J11011926-7732383,Muzerolle 2005,0.034934,0.28,1e-12,8.533598739180722e-13,,,8.533598739180722e-13
61,2MASS J11070324-7610565,Muzerolle 2005,0.057198,0.3,1e-12,,,,
62,2MASS J04363893+2258119,Muzerolle 2005,0.028161000000000002,0.27,1e-12,,,,
63,2MASS J04394748+2601407,Muzerolle 2005,0.038932999999999995,0.3,5.009999999999999e-12,,,,
64,[NC98] Cha HA 1,Muzerolle 2005,0.031488999999999996,0.42,5.009999999999999e-12,,,,
65,[NC98] Cha HA 10,Muzerolle 2005,0.05170399999999999,0.47,1e-12,,,,
66,[NC98] Cha HA 11,Muzerolle 2005,0.034934,0.31,1.0000000000000001e-11,,,,
67,[NC98] Cha HA 12,Muzerolle 2005,0.046938,0.31,1e-12,,,,
68,[NC98] Cha HA 7,Muzerolle 2005,0.028415,0.6,1e-12,,,,
69,CHSM 17173,Muzerolle 2005,0.025751999999999997,0.6,1e-12,,,,
70,CHSM 7869,Muzerolle 2005,0.057198,0.36,1e-10,,,,
71,ISO-Oph 138,Muzerolle 2005,0.047607,0.54,1e-12,,,,
72,2MASS J04190126+2802487,Muzerolle 2005,0.018053,0.17,3.9800000000000004e-12,,,,
73,2MASS J04185115+2814332,Muzerolle 2005,0.031389999999999994,1.79,1e-12,,,,
74,2MASS J04272799+2612052,Muzerolle 2005,0.016166999999999997,1.73,1e-12,7.698943388855094e-12,,,7.698943388855094e-12
75,2MASS J04294568+2630468,Muzerolle 2005,0.031389999999999994,0.59,1e-12,3.5452933101412784e-12,,,3.5452933101412784e-12
76,2MASS J04300724+2608207,Muzerolle 2005,0.020985,0.23,3.9800000000000004e-12,5.950838220850251e-13,,,5.950838220850251e-13
77,2MASS J04305718+2556394,Muzerolle 2005,0.022968000000000002,0.28,3.9800000000000004e-12,,,,
78,[NC98] Cha HA 1,Natta 2004,0.031488999999999996,0.46,1e-12,,,,
79,[NC98] Cha HA 1,Natta 2004,0.031488999999999996,0.46,3.9800000000000004e-12,,,,
80,[NC98] Cha HA 2,Natta 2004,0.038679000000000005,0.73,1e-10,,1.0995315307372834e-10,,1.0995315307372834e-10
81,[NC98] Cha HA 2,Natta 2004,0.038679000000000005,0.73,1.58e-11,,,,
82,[NC98] Cha HA 3,Natta 2004,0.038679000000000005,0.77,1e-12,,,,
83,[NC98] Cha HA 3,Natta 2004,0.038679000000000005,0.77,7.94e-11,,,,
84,[NC98] Cha HA 6,Natta 2004,0.038679000000000005,0.68,1.58e-11,,,,
85,[NC98] Cha HA 6,Natta 2004,0.038679000000000005,0.68,3.16e-11,,,,
86,ISO-Oph 023,Natta 2004,0.058417,0.43,7.94e-11,,2.1917843657979806e-11,,2.1917843657979806e-11
87,2MASS J16262152-2426009,Natta 2004,0.058417,0.37,1.5800000000000002e-10,3.6892394198241696e-12,3.1538413409836945e-11,,1.7613826414830557e-11
88,2MASS J16262152-2426009,Natta 2004,0.058417,0.37,1.58e-11,3.6892394198241696e-12,,,3.6892394198241696e-12
89,ISO-Oph 032,Natta 2004,0.047607,0.54,3.16e-11,2.1151968927837143e-11,1.1872827698941914e-10,,6.994012295862814e-11
90,ISO-Oph 102,Natta 2004,0.058417,0.4,1e-09,1.2812485359201244e-11,3.14802576911188e-10,,1.6380753113519464e-10
91,ISO-Oph 102,Natta 2004,0.058417,0.4,5.0100000000000007e-11,1.2812485359201244e-11,,,1.2812485359201244e-11
92,ISO-Oph 023,Natta 2006,0.058417,0.43,1.17e-10,,1.2705677412835497e-10,,1.2705677412835497e-10
93,ISO-Oph 032,Natta 2006,0.047607,0.54,2.8800000000000003e-11,,1.1872827698941914e-10,,1.1872827698941914e-10
94,ISO-Oph 033,Natta 2006,0.047607,0.64,1.55e-12,,5.50317489098765e-12,,5.50317489098765e-12
95,2MASS J16264848-2428389,Natta 2006,0.005888399999999999,0.34,7.59e-10,,8.596352666384105e-12,,8.596352666384105e-12
96,2MASS J16265477-2427022,Natta 2006,0.07413099999999999,0.47,,,5.632606587928129e-10,,5.632606587928129e-10
97,ISO-Oph 082,Natta 2006,0.32505500000000004,0.38,7.59e-11,,6.007754386453053e-12,,6.007754386453053e-12
98,ISO-Oph 094,Natta 2006,0.397987,0.4,2.82e-10,,3.146559967855334e-11,,3.146559967855334e-11
99,ISO-Oph 158,Natta 2006,0.35929,0.54,1.38e-10,,2.2040881551082384e-11,,2.2040881551082384e-11
100,ISO-Oph 160,Natta 2006,0.058417,0.47,3.63e-10,,5.162616147231805e-10,,5.162616147231805e-10
101,ISO-Oph 165,Natta 2006,0.32505500000000004,0.69,2.6300000000000002e-09,,4.287894260098139e-10,,4.287894260098139e-10
102,ISO-Oph 170,Natta 2006,0.005888399999999999,0.69,8.51e-12,,1.5919866445569166e-10,,1.5919866445569166e-10
103,ISO-Oph 175,Natta 2006,0.0331131,0.53,1.62e-09,,,,
104,SR12 c,Santamaria-Miranda 2017/2019,0.013,0.19,4.5699999999999997e-10,4.2456597120715945e-12,,,4.2456597120715945e-12
105,SR12 c,Santamaria-Miranda 2017/2019,0.013,0.19,4.9e-11,,,,
106,SR12 c,Santamaria-Miranda 2017/2019,0.013,0.19,1.16e-12,,,,
107,SR12 c,Santamaria-Miranda 2017/2019,0.013,0.19,5.99e-13,,,,
108,SR12 c,Santamaria-Miranda 2017/2019,0.013,0.19,1.79e-12,,,,
109,SR12 c,Santamaria-Miranda 2017/2019,0.013,0.19,1.18e-12,,,,
110,SR12 c,Santamaria-Miranda 2017/2019,0.013,0.19,6.28e-12,,,,
111,SR12 c,Santamaria-Miranda 2017/2019,0.013,0.19,4.02e-13,,,,
112,CD-35 10525B,Zhou 2014,0.029583299999999996,0.5,5.01e-10,2.1273881700597838e-12,,,2.1273881700597838e-12
113,CD-35 10525B,Zhou 2014,0.022903200000000002,0.5,5.01e-10,,,,
114,NAME GSC 06214-00210B,Zhou 2014,0.0143145,0.45,1.58e-11,5.023986161061001e-13,,,5.023986161061001e-13
115,NAME GSC 06214-00210B,Zhou 2014,0.013360200000000001,0.45,1.58e-11,,,,
116,2MASS J04554757+3028077,Muzerolle 2005,0.2,1.0,,,,,
117,2MASS J10561638-7630530,Muzerolle 2005,0.1,0.64,1.58e-11,,,,
118,2MASS J10580597-7711501,Muzerolle 2005,0.1,0.47,1e-12,,,,
119,2MASS J11072443-7743489,Muzerolle 2005,0.11,0.75,1e-12,5.881491283882714e-13,,,5.881491283882714e-13
120,2MASS J11075993-7715317,Muzerolle 2005,0.12,0.95,1e-12,3.777199587122952e-12,,,3.777199587122952e-12
121,2MASS J11080234-7640343,Muzerolle 2005,0.08,0.58,1e-12,1.3297872483391855e-12,,,1.3297872483391855e-12
122,2MASS J11173792-7646193,Muzerolle 2005,0.08,0.42,1e-12,,,,
123,2MASS J16081497-3857145,Alcala 2017,0.1,0.33,5.0100000000000007e-11,1.3198952482451232e-11,6.531539657556724e-12,1.1860287609545386e-11,1.053025991651778e-11
124,2MASS J16085324-3914401,Alcala 2017,0.32,1.57,1.5800000000000002e-10,1.2427878609899562e-10,4.757563756166083e-10,3.620194210198285e-10,3.206848609118108e-10
125,2MASS J16085373-3914367,Alcala 2017,0.1,0.29,2.51e-11,4.694376719574212e-12,1.7140458176607896e-11,9.465886962977801e-12,1.0433573953053304e-11
126,2MASS J16085529-3848481,Alcala 2017,0.1,1.07,3.16e-11,4.199372079517215e-11,6.7928801964523e-11,3.475323930258876e-11,4.822525402076131e-11
127,2MASS J16100133-3906449,Alcala 2017,0.14,1.77,2.0400000000000002e-10,1.7830224110436126e-10,1.0604416265001208e-10,2.566490101810129e-10,1.8033180464512875e-10
128,V* AA Tau,Gullbring 1998,0.53,1.74,3.3e-09,,,,
129,V* AA Tau,Salyk 2013,0.53,1.74,4.9e-09,,3.4433233542711987e-09,1.3548409485361578e-09,2.399082151403678e-09
130,V* AB Aur,Salyk 2013,2.4,2.39,1.26e-07,,,5.780647685205097e-07,5.780647685205097e-07
131,2MASS J15445789-3423392,Alcala 2017,0.12,0.44,1.26e-11,,,,
132,V* V866 Sco A,Salyk 2013,1.5,4.5,7.940000000000001e-08,,,,
133,V* V866 Sco B,Salyk 2013,0.3,4.15,2.0899999999999998e-07,,,,
134,2MASS J16491530-1422087,Salyk 2013,1.4,2.4,3.02e-08,,,,
135,V* BF Ori,Salyk 2013,2.1,2.7,4.5700000000000006e-08,,,6.417167715378347e-08,6.417167715378347e-08
136,V* BP Tau,Gullbring 1998,0.49,1.99,2.88e-08,,,,
137,[NC98] Cha HA 2,Mohanty 2005,0.038679000000000005,0.53,2.51e-11,,,,
138,[NC98] Cha HA 2,Mohanty 2005,0.038679000000000005,0.53,1.58e-11,,,,
139,[NC98] Cha HA 5,Natta 2004,0.09543,0.83,1e-12,,,,
140,[NC98] Cha HA 5,Natta 2004,0.09543,0.83,1e-10,,,,
141,[NC98] Cha HA 6,Mohanty 2005,0.038679000000000005,0.5,2.51e-11,,,,
142,[NC98] Cha HA 6,Mohanty 2005,0.038679000000000005,0.5,1.58e-11,,,,
143,2MASS J11115400-7619311,Muzerolle 2005,0.44,1.7,,,,,
144,Haro 6-36,Muzerolle 2003,0.12,1.0,5.0100000000000007e-11,,,,
145,CI Tau,Salyk 2013,0.77,1.86,2.09e-08,,9.465789025660055e-09,1.9814572334159155e-08,1.4640180679909605e-08
146,CK4,Salyk 2013,,,,,,,
147,2MASS J19014156-3658312,Salyk 2013,,,,,,,
148,CV Cha,Salyk 2013,2.1,3.2,1.55e-07,,,,
149,CY Tau,Gullbring 1998,0.424,1.63,7.5e-09,,,,
150,DE Tau,Gullbring 1998,0.259,2.45,2.64e-08,,,,
151,DF Tau,Gullbring 1998,0.27,3.37,1.7699999999999998e-07,,,,
152,DK Tau,Gullbring 1998,0.431,2.49,3.79e-08,,,,
153,DN Tau,Gullbring 1998,0.382,2.09,3.5e-09,,,,
154,DO Tau,Gullbring 1998,0.369,2.25,1.44e-07,,,,
155,DQ Tau,Gullbring 1998,0.439,1.785,6e-10,,,,
156,DS Tau,Gullbring 1998,0.87,1.36,1.29e-08,,,,
157,2MASS J16030548-4018254,Alcala 2017,0.56,2.49,3.63e-08,4.819997698621677e-09,3.4250313331384453e-09,6.35687363167182e-09,4.867300887810647e-09
158,2MASS J04323034+1731406,Gullbring 1998,0.442,2.31,1.75e-08,,,,
159,2MASS J04333405+2421170,Gullbring 1998,0.668,1.735,9.6e-09,,,,
160,2MASS J04333456+2421058,Gullbring 1998,0.461,2.15,6.4e-09,,,,
161,2MASS J04551098+3021595,Gullbring 1998,0.524,1.78,9.6e-09,,,,
162,2MASS J16262152-2426009,Mohanty 2005,0.12,,2.51e-11,,,,
163,2MASS J16262152-2426009,Mohanty 2005,0.12,,1.58e-11,,,,
164,TWA 3A,Herczeg 2009,0.37,0.81,2.51e-10,1.2792986007764627e-10,,,1.2792986007764627e-10
165,TWA 3B,Herczeg 2009,0.29,0.69,7.94e-12,5.763271175279639e-12,,,5.763271175279639e-12
166,2MASS J04333935+1751523,Gullbring 1998,0.81,0.76,1.3e-09,,,,
167,Cl* IC 348 LRL 165,Mohanty 2005,0.14,,3.1600000000000005e-10,,,,
168,Cl* IC 348 LRL 165,Mohanty 2005,0.14,,1.26e-10,,,,
169,Cl* IC 348 LRL 165,Muzerolle 2003,0.12,1.0,1e-10,1.1902899241418597e-10,,,1.1902899241418597e-10
170,2MASS J03441012+3204045,Muzerolle 2003,0.1,1.0,1e-10,2.113733628701008e-11,,,2.113733628701008e-11
171,2MASS J03442980+3200545,Mohanty 2005,0.1,,1e-10,,,,
172,2MASS J03442980+3200545,Mohanty 2005,0.1,,5.0100000000000007e-11,,,,
173,2MASS J03442980+3200545,Muzerolle 2003,0.09,1.0,1e-10,,,,
174,2MASS J03435526+3207533,Mohanty 2005,0.12,,2.51e-11,,,,
175,2MASS J03435526+3207533,Mohanty 2005,0.12,,1.58e-11,,,,
176,Cl* IC 348 LRL 336,Muzerolle 2003,0.1,1.0,1e-10,9.127278838800107e-12,,,9.127278838800107e-12
177,Cl* IC 348 LRL 382,Mohanty 2005,0.046938,0.34,5.0100000000000007e-11,,,,
178,Cl* IC 348 LRL 382,Mohanty 2005,0.046938,0.34,2.51e-11,,,,
179,IP Tau,Gullbring 1998,0.522,1.44,8e-10,,,,
180,2MASS J16253673-2415424,Natta 2006,0.5495409000000001,2.81,2.1899999999999997e-09,,3.2252712052976567e-09,,3.2252712052976567e-09
181,ISO-Oph 002,Natta 2006,0.3019952,2.23,6.03e-09,,6.894816909780283e-09,,6.894816909780283e-09
182,ISO-Oph 002,Gatti 2006,0.4,1.67,1.8600000000000002e-09,,,1.6866738968715387e-09,1.6866738968715387e-09
183,2MASS J16253958-2426349,Natta 2006,0.3630781,2.37,1.2e-08,,9.016698307521349e-09,,9.016698307521349e-09
184,2MASS J16255052-2439145,Natta 2006,0.5495409000000001,,1.3800000000000002e-09,,,,
185,2MASS J16255615-2420481,Natta 2006,0.5248075,1.79,1.82e-07,,6.078517253374075e-08,,6.078517253374075e-08
186,2MASS J16260137-2425203,Natta 2006,0.09332539999999999,1.23,5.75e-11,,1.359981748799584e-10,,1.359981748799584e-10
187,2MASS J16260329-2417464,Natta 2006,0.3235937,,1.2e-09,,,,
188,2MASS J16260457-2417514,Natta 2006,0.09549930000000001,1.26,2.82e-11,,9.152931036242378e-11,,9.152931036242378e-11
189,2MASS J16260704-2427241,Natta 2006,0.23988330000000002,2.06,2.95e-09,,2.9569471637126997e-09,,2.9569471637126997e-09
190,2MASS J16260763-2427413,Natta 2006,0.3981072,,8.51e-10,,,,
191,2MASS J16260931-2434121,Natta 2006,1.0,,,,,,
192,2MASS J16261033-2420548,Natta 2006,0.6456542,2.94,3.3100000000000004e-09,,2.62415279272571e-09,,2.62415279272571e-09
193,2MASS J16261581-2419221,Natta 2006,0.3981072,,8.71e-10,,,,
194,2MASS J16261684-2422231,Natta 2006,0.8709636000000001,3.26,5.889999999999999e-09,,5.673369728033886e-09,,5.673369728033886e-09
195,2MASS J16261706-2420216,Natta 2006,0.46773509999999996,2.59,3.4700000000000002e-09,,4.3392281099461255e-09,,4.3392281099461255e-09
196,2MASS J16261886-2428196,Natta 2006,0.5248075,2.72,6.46e-08,,3.525372415024429e-08,,3.525372415024429e-08
197,2MASS J16261898-2424142,Natta 2006,0.25703960000000003,2.08,3.8900000000000004e-09,,2.449199193804668e-11,,2.449199193804668e-11
198,2MASS J16262101-2415414,Natta 2006,0.724436,,2.6300000000000002e-09,,,,
199,2MASS J16262152-2426009,Natta 2006,0.058417,0.37,3.16e-11,,6.246544549715463e-11,,6.246544549715463e-11
200,ISO-Oph 032,Manara 2015,0.047607,0.54,3.24e-11,1.0517276690790998e-10,5.3643879010335084e-11,,7.940832295912253e-11
201,ISO-Oph 035,Natta 2006,0.08709639999999999,1.16,,,,,
202,ISO-Oph 036,Natta 2006,1.1220185,3.71,6.17e-09,,5.959303772454031e-09,,5.959303772454031e-09
203,ISO-Oph 037,Gatti 2006,0.7,0.71,2.4500000000000003e-10,,6.368385177469236e-12,4.426175545114554e-11,2.5315070314307388e-11
204,ISO-Oph 037,Manara 2015,1.02,1.31,3.24e-09,2.7658413185347046e-08,2.047612727612398e-09,,1.4853012956479722e-08
205,ISO-Oph 037,Natta 2006,0.13182570000000002,1.56,1.95e-09,,2.224631468091898e-09,,2.224631468091898e-09
206,ISO-Oph 038,Natta 2006,0.48977879999999996,2.68,5.75e-10,,1.1150968700279752e-09,,1.1150968700279752e-09
207,ISO-Oph 039,Natta 2006,1.3489628999999999,3.93,5.13e-09,,4.709652897263495e-09,,4.709652897263495e-09
208,ISO-Oph 040,Natta 2006,0.851138,3.38,2.1399999999999998e-07,,8.97781962355024e-08,,8.97781962355024e-08
209,ISO-Oph 041,Natta 2006,0.14791079999999998,1.71,1.0500000000000001e-10,,2.2407775732018645e-10,,2.2407775732018645e-10
210,ISO-Oph 043,Natta 2006,0.3630781,2.39,1.95e-09,,2.0536238609179616e-09,,2.0536238609179616e-09
211,ISO-Oph 044,Natta 2006,0.2754229,2.18,8.13e-10,,1.0681938537355226e-09,,1.0681938537355226e-09
212,ISO-Oph 046,Natta 2006,0.2691535,2.16,5.75e-08,,2.7828277835198502e-08,,2.7828277835198502e-08
213,ISO-Oph 047,Natta 2006,0.20892960000000002,1.9,1.1699999999999999e-08,,1.1567111749086793e-09,,1.1567111749086793e-09
214,ISO-Oph 051,Natta 2006,0.1778279,1.81,1.95e-10,,4.808016961787431e-10,,4.808016961787431e-10
215,ISO-Oph 052,Natta 2006,0.1258925,1.49,4.3700000000000004e-09,,4.176374709685946e-09,,4.176374709685946e-09
216,ISO-Oph 053,Natta 2006,0.128825,1.53,8.13e-11,,2.6555525148708897e-10,,2.6555525148708897e-10
217,ISO-Oph 056,Natta 2006,0.2344229,2.01,4.07e-10,,1.4217582143713372e-09,,1.4217582143713372e-09
218,ISO-Oph 059,Natta 2006,0.20892960000000002,6.15,7.41e-09,,2.8910949717301543e-10,,2.8910949717301543e-10
219,ISO-Oph 062,Natta 2006,0.851138,3.38,1.05e-08,,8.011655357124122e-09,,8.011655357124122e-09
220,ISO-Oph 063,Natta 2006,0.1348963,1.6,1.1e-10,,2.1905157791033556e-10,,2.1905157791033556e-10
221,ISO-Oph 064,Natta 2006,0.41686940000000006,2.53,1.45e-09,,2.480729550971323e-09,,2.480729550971323e-09
222,ISO-Oph 066,Natta 2006,0.2041738,1.94,6.31e-10,,1.3012667062921658e-09,,1.3012667062921658e-09
223,ISO-Oph 067,Natta 2006,0.46773509999999996,2.68,6.31e-08,,2.5692195292617566e-08,,2.5692195292617566e-08
224,YLW 37,Natta 2006,0.676083,3.08,2.45e-09,,1.9405834905147094e-09,,1.9405834905147094e-09
225,ISO-Oph 069,Natta 2006,0.128825,1.54,1.2e-10,,4.1375401709953457e-10,,4.1375401709953457e-10
226,ISO-Oph 072,Manara 2015,0.3,0.97,4.3700000000000004e-09,3.8268887964545395e-09,9.688061796869467e-09,,6.7574752966620035e-09
227,ISO-Oph 072,Natta 2006,0.1348963,1.58,5.89e-08,,4.029543172930684e-08,,4.029543172930684e-08
228,ISO-Oph 073,Natta 2006,0.851138,3.38,1.9100000000000002e-09,,1.919074965920016e-09,,1.919074965920016e-09
229,ISO-Oph 074,Natta 2006,,,,,,,
230,ISO-Oph 075,Natta 2006,0.15848929999999997,1.73,1.2e-07,,3.467373537947562e-09,,3.467373537947562e-09
231,ISO-Oph 076,Natta 2006,0.2137962,1.92,1.2e-07,,1.7289491703083634e-09,,1.7289491703083634e-09
232,ISO-Oph 078,Natta 2006,0.4265795,2.48,6.92e-10,,8.706165534663602e-10,,8.706165534663602e-10
233,ISO-Oph 083,Gatti 2006,0.4,2.05,4.5700000000000006e-09,,,,
234,ISO-Oph 083,Natta 2006,0.3801894,2.37,1.62e-08,,1.3272619587365207e-08,,1.3272619587365207e-08
235,ISO-Oph 084,Natta 2006,0.10471289999999998,1.35,,,1.6558533839784105e-09,,1.6558533839784105e-09
236,ISO-Oph 085,Natta 2006,,1.92,,,,,
237,ISO-Oph 086,Natta 2006,0.15135610000000002,1.67,4.07e-10,,6.499345960373461e-10,,6.499345960373461e-10
238,ISO-Oph 087,Manara 2015,0.22,1.08,1.2e-09,,,,
239,ISO-Oph 087,Natta 2006,0.09120110000000001,1.2,7.41e-10,,1.0891931965707909e-09,,1.0891931965707909e-09
240,EM* SR 24A,Natta 2006,0.724436,3.05,1.26e-07,,5.0626840396745404e-08,,5.0626840396745404e-08
241,EM* SR 24B,Natta 2006,0.7079458000000001,3.01,7.08e-08,,3.286099918494222e-08,,3.286099918494222e-08
242,ISO-Oph 089,Natta 2006,0.1148154,1.38,1.32e-10,,2.7829193827803127e-10,,2.7829193827803127e-10
243,ISO-Oph 091,Natta 2006,0.8128305,3.23,,,,,
244,ISO-Oph 092,Natta 2006,1.023293,3.58,1.58e-07,,4.857032588997511e-08,,4.857032588997511e-08
245,ISO-Oph 093,Natta 2006,0.2951209,2.21,3.8900000000000004e-08,,,,
246,ISO-Oph 094,Manara 2015,0.397987,0.4,4.7899999999999996e-12,,9.802651148080364e-12,,9.802651148080364e-12
247,ISO-Oph 095,Natta 2006,0.33113109999999996,2.34,8.71e-10,,3.7359037183266805e-09,,3.7359037183266805e-09
248,ISO-Oph 098,Natta 2006,0.3235937,2.28,1e-09,,3.826091423321118e-09,,3.826091423321118e-09
249,ISO-Oph 102,Manara 2015,0.058417,0.4,1.0500000000000001e-10,2.328407745194068e-10,,,2.328407745194068e-10
250,ISO-Oph 102,Natta 2006,0.058417,0.4,4.27e-10,,5.655073823561003e-10,,5.655073823561003e-10
251,ISO-Oph 103,Natta 2006,1.0964782,3.62,,,4.8444738435641625e-09,,4.8444738435641625e-09
252,ISO-Oph 105,Gatti 2006,0.35,2.69,9.33e-09,,1.6768582903825476e-10,,1.6768582903825476e-10
253,ISO-Oph 105,Natta 2006,0.616595,2.94,8.51e-09,,6.860855140049832e-09,,6.860855140049832e-09
254,ISO-Oph 106,Natta 2006,0.2238721,2.01,9.77e-10,,1.887233821037117e-09,,1.887233821037117e-09
255,ISO-Oph 107,Natta 2006,0.2754229,2.16,,,1.2522824701632097e-09,,1.2522824701632097e-09
256,ISO-Oph 108,Natta 2006,3.0199517000000005,,1.45e-06,,,,
257,ISO-Oph 110,Natta 2006,0.9120108,3.42,1.45e-09,,1.9215946777131603e-09,,1.9215946777131603e-09
258,ISO-Oph 112,Natta 2006,0.9120108,3.38,,,4.1248538374325815e-08,,4.1248538374325815e-08
259,ISO-Oph 113,Natta 2006,,,,,,,
260,ISO-Oph 114,Natta 2006,4.3651583,6.29,,,3.42851318028253e-07,,3.42851318028253e-07
261,ISO-Oph 115,Gatti 2006,0.6,0.6,1.5499999999999998e-11,,,,
262,ISO-Oph 115,Manara 2015,0.51,1.0,2.0400000000000002e-10,,3.374729757193531e-10,,3.374729757193531e-10
263,ISO-Oph 115,Natta 2006,0.08317639999999998,1.11,7.240000000000001e-10,,1.0647736308742485e-09,,1.0647736308742485e-09
264,ISO-Oph 116,Natta 2006,0.5011872,2.75,3.09e-09,,3.6534099489907475e-09,,3.6534099489907475e-09
265,ISO-Oph 117,Gatti 2006,0.6,1.27,2.3399999999999998e-09,,1.492871926084184e-10,9.339383921466076e-10,5.41612792377513e-10
266,ISO-Oph 117,Manara 2015,0.33,1.41,2.29e-10,1.7473128502845112e-09,2.829884688851084e-10,,1.0151506595848097e-09
267,ISO-Oph 117,Natta 2006,0.2137962,1.94,3.02e-09,,4.5825105978899374e-09,,4.5825105978899374e-09
268,ISO-Oph 118,Natta 2006,,2.34,,,,,
269,ISO-Oph 120,Natta 2006,0.18620870000000003,1.81,2.57e-09,,2.538023674007334e-09,,2.538023674007334e-09
270,NAME WL 20E,Natta 2006,0.2951209,2.18,7.08e-10,,9.498344282250918e-10,,9.498344282250918e-10
271,WL 20,Natta 2006,0.6309573,3.01,1.66e-09,,9.28784305651407e-10,,9.28784305651407e-10
272,ISO-Oph 123,Manara 2015,0.62,0.56,2.75e-10,3.477500628891946e-10,6.01108231793448e-10,5.375794171032457e-10,4.954792372619627e-10
273,ISO-Oph 123,Natta 2006,0.08317639999999998,1.12,1.29e-08,,1.4304862508157161e-08,,1.4304862508157161e-08
274,ISO-Oph 124,Natta 2006,,2.51,,,,,
275,ISO-Oph 128,Natta 2006,0.45708820000000006,2.65,7.939999999999999e-10,,9.460092143375225e-10,,9.460092143375225e-10
276,ISO-Oph 129,Natta 2006,,2.94,,,,,
277,ISO-Oph 132,Natta 2006,0.6456542,2.88,3.8e-09,,2.787856518502079e-09,,2.787856518502079e-09
278,ISO-Oph 135,Natta 2006,,,,,,,
279,ISO-Oph 138,Natta 2006,0.047607,0.54,4.17e-11,,8.183753837307629e-11,,8.183753837307629e-11
280,ISO-Oph 139,Natta 2006,0.15135610000000002,1.73,5.37e-08,,,,
281,ISO-Oph 140,Natta 2006,0.5128614,2.78,1.91e-08,,1.0480063228254305e-08,,1.0480063228254305e-08
282,ISO-Oph 142,Natta 2006,0.3715352,2.45,7.939999999999999e-10,,2.430312105127988e-09,,2.430312105127988e-09
283,ISO-Oph 144,Natta 2006,0.2884032,2.16,2.1899999999999997e-09,,2.0554999863239133e-09,,2.0554999863239133e-09
284,ISO-Oph 147,Natta 2006,0.6025596,2.88,1.55e-09,,1.4458729679941616e-09,,1.4458729679941616e-09
285,ISO-Oph 148,Natta 2006,0.2818383,2.13,5.249999999999999e-10,,1.0845099177114436e-09,,1.0845099177114436e-09
286,ISO-Oph 151,Natta 2006,0.23988330000000002,2.01,4.07e-10,,8.520596404835597e-10,,8.520596404835597e-10
287,ISO-Oph 152,Natta 2006,0.3548134,2.37,4.9e-09,,3.92717036296262e-09,,3.92717036296262e-09
288,ISO-Oph 154,Natta 2006,0.4073803,2.51,2.2399999999999997e-09,,2.227383519117567e-09,,2.227383519117567e-09
289,ISO-Oph 155,Gatti 2006,1.0,2.63,5.25e-09,,,,
290,ISO-Oph 155,Natta 2006,0.8128305,3.23,4.07e-08,,2.404169361971144e-08,,2.404169361971144e-08
291,ISO-Oph 156,Natta 2006,0.17378010000000002,1.79,1.95e-10,,5.953368012372201e-10,,5.953368012372201e-10
292,ISO-Oph 157,Natta 2006,0.1096478,1.35,2.8800000000000004e-09,,8.239769056509387e-10,,8.239769056509387e-10
293,ISO-Oph 161,Natta 2006,0.6025596,2.88,6.76e-08,,,,
294,ISO-Oph 163,Gatti 2006,0.6,2.23,1.29e-08,,7.242628126148984e-10,2.4042141286507806e-09,1.5642384706328395e-09
295,ISO-Oph 163,Natta 2006,0.5623413,2.88,9.55e-09,,8.223565869879735e-09,,8.223565869879735e-09
296,2MASS J16273863-2438391,Natta 2006,0.038932999999999995,0.69,9.770000000000001e-11,,4.43153779922806e-10,,4.43153779922806e-10
297,ISO-Oph 165,Manara 2015,0.32505500000000004,0.69,4.57e-11,1.836901648291067e-10,5.468410287486368e-11,,1.191871338519852e-10
298,ISO-Oph 166,Gatti 2006,0.6,2.43,6.459999999999999e-09,,7.48407880300904e-10,,7.48407880300904e-10
299,ISO-Oph 166,Natta 2006,0.5623413,2.91,1.86e-08,,1.650343608532876e-08,,1.650343608532876e-08
300,ISO-Oph 168,Natta 2006,0.6025596,2.91,5.5000000000000004e-09,,5.793629635710704e-09,,5.793629635710704e-09
301,[GY92] 322,Natta 2006,0.2691535,2.16,,,,,
302,[GY92] 322,Natta 2006,0.14125379999999998,1.64,4.17e-10,,1.1546270840619376e-09,,1.1546270840619376e-09
303,ISO-Oph 171,Natta 2006,,1.88,,,,,
304,ISO-Oph 172,Natta 2006,0.1905461,1.84,7.59e-10,,1.6971363999803876e-09,,1.6971363999803876e-09
305,ISO-Oph 176,Natta 2006,0.031389999999999994,0.6,8.320000000000001e-11,,4.2089314217085943e-10,,4.2089314217085943e-10
306,ISO-Oph 177,Natta 2006,0.1905461,1.86,2.19e-10,,3.892339821023258e-10,,3.892339821023258e-10
307,ISO-Oph 178,Natta 2006,0.1698244,1.73,1.66e-09,,6.263874279828112e-09,,6.263874279828112e-09
308,ISO-Oph 179,Natta 2006,0.128825,1.53,3.8e-09,,5.484639119332992e-10,,5.484639119332992e-10
309,ISO-Oph 180,Natta 2006,,,,,,,
310,ISO-Oph 181,Natta 2006,,,,,,,
311,ISO-Oph 183,Natta 2006,0.3019952,2.26,9.33e-10,,1.184025358598922e-09,,1.184025358598922e-09
312,ISO-Oph 185,Natta 2006,0.1071519,1.36,3.31e-11,,1.1287308094471467e-10,,1.1287308094471467e-10
313,ISO-Oph 186,Natta 2006,0.1071519,1.36,5.13e-10,,1.7071022416739678e-09,,1.7071022416739678e-09
314,ISO-Oph 187,Natta 2006,0.23988330000000002,2.04,1.1200000000000001e-08,,1.1512640404563377e-08,,1.1512640404563377e-08
315,ISO-Oph 189,Natta 2006,0.1380384,1.62,7.939999999999999e-10,,1.2679302956166577e-09,,1.2679302956166577e-09
316,ISO-Oph 190,Natta 2006,,0.91,,,,,
317,ISO-Oph 192,Natta 2006,0.09120110000000001,1.21,5.89e-10,,9.953379307853839e-10,,9.953379307853839e-10
318,ISO-Oph 193,Manara 2015,0.058417,0.42,5.01e-10,1.7338650196353702e-09,9.586003684937485e-10,,1.3462326940645594e-09
319,ISO-Oph 193,Natta 2006,0.058417,0.42,4.79e-10,,6.867777398603704e-10,,6.867777398603704e-10
320,ISO-Oph 194,Natta 2006,0.1698244,1.75,2.51e-10,,6.881100606352327e-10,,6.881100606352327e-10
321,ISO-Oph 195,Natta 2006,0.3890451,2.42,1.62e-09,,2.4324553361559035e-09,,2.4324553361559035e-09
322,ISO-Oph 196,Natta 2006,0.1905461,1.86,3.7200000000000004e-09,,4.9364688295585994e-09,,4.9364688295585994e-09
323,ISO-Oph 197,Natta 2006,0.0794328,1.08,1.8200000000000002e-10,,3.7384639657576457e-10,,3.7384639657576457e-10
324,ISO-Oph 198,Natta 2006,1.1748976,0.64,3.02e-09,,5.468753003204223e-10,,5.468753003204223e-10
325,ISO-Oph 199,Natta 2006,0.41686940000000006,2.48,4.9e-09,,2.0375907958094083e-09,,2.0375907958094083e-09
326,2MASS J11095215-7639128,Muzerolle 2005,0.08,0.64,1e-10,,,,
327,2MASS J11104141-7720480,Muzerolle 2005,0.08,0.62,1e-10,1.2841905717859784e-11,,,1.2841905717859784e-11
328,2MASS J06443291+0023546,Kalari 2015,1.79,2.75,1.2e-07,1.3431306924949615e-07,,,1.3431306924949615e-07
329,2MASS J06443294+0010528,Kalari 2015,1.83,2.88,5.75e-07,5.139136082502691e-07,,,5.139136082502691e-07
330,2MASS J06443541+0019093,Kalari 2015,1.57,2.31,1.1699999999999999e-08,2.097594078781671e-08,,,2.097594078781671e-08
331,2MASS J06443682+0016186,Kalari 2015,1.6,1.79,3.16e-08,4.451465904788767e-09,,,4.451465904788767e-09
332,2MASS J06443788+0021509,Kalari 2015,1.79,2.75,1.4099999999999999e-08,3.3825491686465545e-08,,,3.3825491686465545e-08
333,2MASS J06443827+0019229,Kalari 2015,1.26,1.56,1.26e-08,2.7689713812223493e-09,,,2.7689713812223493e-09
334,2MASS J06444496+0019335,Kalari 2015,1.75,2.53,2.04e-08,1.754958573190127e-08,,,1.754958573190127e-08
335,[CRA2011] D25 J06444602+0019182,Kalari 2015,1.57,2.16,1.1e-07,3.916206045818799e-08,,,3.916206045818799e-08
336,[CRA2011] D25 J06444714+0013320,Kalari 2015,0.91,2.21,2.45e-08,1.4216161222455124e-08,,,1.4216161222455124e-08
337,2MASS J06444936+0020245,Kalari 2015,1.36,1.71,1.1200000000000001e-08,5.083934396671757e-09,,,5.083934396671757e-09
338,2MASS J06445577+0013168,Kalari 2015,2.08,3.05,6.31e-08,,,,
339,2MASS J06445837+0014151,Kalari 2015,2.0,3.26,1.62e-07,,,,
340,2MASS J06450075+0013356,Kalari 2015,1.05,1.92,2.45e-08,2.192476431448076e-09,,,2.192476431448076e-09
341,2MASS J06450208+0019443,Kalari 2015,1.75,2.94,1.51e-07,1.3205038067620069e-06,,,1.3205038067620069e-06
342,2MASS J06450274+0018077,Kalari 2015,1.3,1.64,4.37e-08,3.1035484578328555e-08,,,3.1035484578328555e-08
343,2MASS J06450681+0013535,Kalari 2015,2.16,4.11,8.51e-09,3.045723109841121e-07,,,3.045723109841121e-07
344,2MASS J06450971+0014121,Kalari 2015,2.62,4.16,2.19e-07,4.4239474808760745e-07,,,4.4239474808760745e-07
345,2MASS J06451318+0018307,Kalari 2015,1.15,1.35,2e-08,1.1887009512529489e-08,,,1.1887009512529489e-08
346,2MASS J06451616+0022238,Kalari 2015,1.23,1.28,3.4700000000000002e-09,4.640972055557939e-09,,,4.640972055557939e-09
347,2MASS J06451701+0022077,Kalari 2015,2.0,2.01,3.55e-08,3.736362785686747e-08,,,3.736362785686747e-08
348,2MASS J06451727+0023454,Kalari 2015,1.57,2.31,4.6799999999999996e-08,4.414397450440616e-09,,,4.414397450440616e-09
349,2MASS J06451841+0022189,Kalari 2015,1.12,1.31,2.09e-09,7.084067933370708e-11,,,7.084067933370708e-11
350,2MASS J06452454+0022448,Kalari 2015,1.66,2.75,4.4699999999999997e-08,2.599703618728139e-11,,,2.599703618728139e-11
351,2MASS J06452774+0015514,Kalari 2015,0.56,1.88,2.19e-08,7.47254946713975e-09,,,7.47254946713975e-09
352,2MASS J04174955+2813318,Mohanty 2005,0.16,,3.16e-11,,,,
353,2MASS J04174955+2813318,Mohanty 2005,0.16,,2.0000000000000002e-11,,,,
354,2MASS J04183030+2743208,Mohanty 2005,0.13,,2.51e-11,,,,
355,2MASS J04183030+2743208,Mohanty 2005,0.13,,1.58e-11,,,,
356,2MASS J04330781+2616066,Muzerolle 2005,0.1,1.2,1e-12,,,,
357,2MASS J04262939+2624137,Mohanty 2005,0.08,,1.26e-10,,,,
358,2MASS J04262939+2624137,Mohanty 2005,0.08,,6.310000000000001e-11,,,,
359,2MASS J04262939+2624137,Muzerolle 2005,0.08,0.53,1e-10,,,,
360,2MASS J19013357-3700304,Mohanty 2005,0.08,,3.16e-09,,,,
361,2MASS J19013357-3700304,Mohanty 2005,0.08,,1e-09,,,,
362,Lup604s,Alcala 2017,0.13,0.83,5.0100000000000007e-11,,,,
363,[LEM2005] Lup 607,Alcala 2017,0.1,1.03,5.009999999999999e-12,3.4943834541953153e-12,1.6018216271370272e-11,2.6140488589468528e-11,1.5217696105011372e-11
364,2MASS J16073773-3921388,Alcala 2017,0.11,0.52,6.310000000000001e-11,,,,
365,2MASS J16095628-3859518,Alcala 2017,0.1,0.58,2.0000000000000002e-11,,,,
366,MHO 5,Mohanty 2005,0.057198,,2.0000000000000002e-11,,,,
367,MHO 5,Mohanty 2005,0.057198,,1.26e-11,,,,
368,MHO 6,Muzerolle 2003,0.13,1.0,5.0100000000000007e-11,,,,
369,MY Lup,Alcala 2017,1.02,1.13,2.24e-10,3.065093378140857e-11,6.533784773963186e-10,7.29780069160171e-10,4.712698267792994e-10
370,IRAS 16054-3857,Alcala 2017,0.26,1.59,3.09e-10,,,,
371,THA 15-35,Alcala 2017,0.16,0.17,3.1600000000000003e-12,,,,
372,RXJ1556.1-3655,Alcala 2017,0.46,1.17,1.29e-08,5.860425889842361e-09,4.35499006908074e-09,1.400749961896382e-09,3.872055306939827e-09
373,RY Lup,Alcala 2017,1.47,1.79,6.17e-09,2.0926807607358854e-09,3.0276999156921313e-09,2.960558017504464e-09,2.693646231310827e-09
374,2MASS J05392174-0244038,Rigliaco 2011,0.15,0.46,1.29e-09,,,,
375,SO1036,Rigliaco 2011,0.75,1.64,6.03e-10,,,,
376,2MASS J05392633-0228376,Rigliaco 2011,0.2,0.92,6.03e-11,,,,
377,2MASS J05392677-0242583,Rigliaco 2011,0.15,0.98,5.62e-11,,,,
378,[BZR99] S Ori 36,Rigliaco 2011,0.06,0.4,1.3800000000000002e-11,,,,
379,2MASS J05392935-0227209,Rigliaco 2011,0.17,1.25,6.609999999999999e-09,,,,
380,V* RV Ori,Rigliaco 2011,1.0,1.74,,,,,
381,2MASS J05394318-0232433,Rigliaco 2011,0.2,1.03,1.6199999999999998e-10,,,,
382,[BZR99] S Ori 10,Rigliaco 2011,0.11,0.6,9.770000000000001e-11,,,,
383,2MASS J05394944-0223459,Rigliaco 2011,0.2,0.92,8.709999999999999e-11,,,,
384,Haro 5-32,Rigliaco 2011,0.35,1.04,2.51e-09,,,,
385,Haro 5-32,Rigliaco 2012,0.26,1.12,1.07e-09,2.448844708693185e-09,3.448923054945228e-09,,2.9488838818192065e-09
386,2MASS J05395421-0227326,Rigliaco 2011,0.16,0.92,8.13e-11,,,,
387,2MASS J05395421-0227326,Rigliaco 2012,0.2,0.84,4.17e-12,4.0065067734647206e-11,,,4.0065067734647206e-11
388,Mayrit 1045094,Rigliaco 2011,0.09,0.56,8.710000000000001e-12,,,,
389,Haro 5-34,Rigliaco 2011,0.7,2.06,8.51e-10,,,,
390,2MASS J05400101-0219597,Rigliaco 2011,0.2,0.86,5.62e-11,,,,
391,Haro 5-36,Rigliaco 2011,0.3,1.37,4.07e-10,,,,
392,V* V608 Ori,Rigliaco 2011,0.55,1.99,2.2399999999999997e-09,,,,
393,2MASS J05380097-0226079,Rigliaco 2011,0.15,1.04,2.4500000000000003e-10,,,,
394,2MASS J05380097-0226079,Rigliaco 2011,0.35,1.08,1.51e-10,,,,
395,Kiso A-0904 67,Rigliaco 2011,0.6,1.61,4.79e-10,,,,
396,2MASS J05381319-0226088,Rigliaco 2011,0.3,1.3,3.31e-10,,,,
397,2MASS J05381319-0226088,Rigliaco 2012,0.2,1.45,3.8e-10,1.0469453430085974e-10,9.373202436803955e-11,,9.921327933444964e-11
398,2MASS J05381778-0240500,Rigliaco 2011,0.2,0.98,8.51e-11,,,,
399,2MASS J05381824-0248143,Rigliaco 2011,0.35,1.16,1.66e-10,,,,
400,[W96] rJ053820-0234,Rigliaco 2011,0.2,1.26,2.1399999999999998e-10,,,,
401,2MASS J05382307-0236493,Rigliaco 2011,0.2,0.73,1.23e-10,,,,
402,V* V2725 Ori,Rigliaco 2011,0.25,0.61,4.27e-10,,,,
403,V* V2726 Ori,Rigliaco 2011,0.15,0.92,4.79e-10,,,,
404,V* V2726 Ori,Rigliaco 2012,0.14,1.02,1.0699999999999999e-10,3.39007607518957e-11,1.8809059126870614e-11,,2.6354909939383157e-11
405,V* V2728 Ori,Rigliaco 2011,0.1,0.52,1.2e-10,,,,
406,V* V2728 Ori,Rigliaco 2012,0.08,0.47,5.3700000000000006e-11,8.771758658787557e-11,1.1362020529823989e-10,,1.0066889594305772e-10
407,[BNM2013] 93.03 227,Rigliaco 2011,0.13,0.7,2.75e-11,,,,
408,V* V505 Ori,Rigliaco 2011,1.0,1.34,,,,,
409,Kiso A-0976 329,Rigliaco 2011,0.3,1.19,1.51e-10,,,,
410,Mayrit 803197,Rigliaco 2011,0.07,0.52,1.48e-11,,,,
411,Haro 5-9,Rigliaco 2011,1.0,1.37,,,,,
412,Haro 5-11,Rigliaco 2011,0.4,1.36,2.1899999999999997e-09,,,,
413,[W96] rJ053831-0235,Rigliaco 2011,0.4,2.19,1.1199999999999999e-09,,,,
414,V* TX Ori,Rigliaco 2011,0.75,3.18,,,,,
415,[W96] rJ053833-0236,Rigliaco 2011,0.3,1.59,3.5499999999999996e-10,,,,
416,[W96] rJ053833-0236,Rigliaco 2012,0.2,1.73,3.8899999999999996e-11,7.776720199537974e-10,1.925367213167597e-10,,4.851043706352786e-10
417,[BNM2013] 93.03 29,Rigliaco 2011,0.2,1.08,1.78e-10,,,,
418,V* TY Ori,Rigliaco 2011,0.6,2.27,,,,,
419,[W96] 4771-1147,Rigliaco 2011,1.0,1.49,,,,,
420,2MASS J05383902-0245321,Rigliaco 2011,0.3,1.06,1.29e-09,,,,
421,2MASS J05383902-0245321,Rigliaco 2012,0.3,0.97,2.0899999999999998e-10,2.9495030266893024e-10,6.295152413361719e-10,,4.622327720025511e-10
422,2MASS J05383976-0232203,Rigliaco 2011,0.06,0.56,1.23e-11,,,,
423,Haro 5-13,Rigliaco 2011,0.9,1.41,5.5e-10,,,,
424,2MASS J05384053-0233275,Rigliaco 2011,0.2,1.22,1.51e-10,,,,
425,[BNM2013] 92.01 24,Rigliaco 2011,0.3,1.15,1.32e-10,,,,
426,[W96] 4771-1051,Rigliaco 2011,0.6,2.16,1.7399999999999998e-09,,,,
427,2MASS J05384448-0240376,Rigliaco 2011,0.08,0.37,7.76e-12,,,,
428,V* V595 Ori,Rigliaco 2011,0.5,1.49,6.46e-10,,,,
429,2MASS J05384755-0227120,Rigliaco 2011,0.2,1.74,2.9499999999999996e-10,,,,
430,[W96] 4771-899,Rigliaco 2011,0.8,3.21,,,,,
431,[BZR99] S Ori 15,Rigliaco 2011,0.11,0.6,2.0000000000000002e-11,,,,
432,2MASS J05384818-0244007,Rigliaco 2011,0.1,0.74,2.8800000000000003e-11,,,,
433,V* V2737 Ori,Rigliaco 2011,0.09,0.64,9.33e-11,,,,
434,[BNM2013] 92.01 11,Rigliaco 2011,0.3,1.34,2.1399999999999998e-10,,,,
435,2MASS J05385060-0242429,Rigliaco 2011,0.13,0.78,3.6299999999999994e-11,,,,
436,V* RU Ori,Rigliaco 2011,1.0,1.43,6.759999999999999e-10,,,,
437,2MASS J05385831-0216101,Rigliaco 2011,0.7,1.12,3.5499999999999996e-10,,,,
438,Haro 5-18,Rigliaco 2011,0.35,0.71,1.51e-10,,,,
439,Haro 5-16,Rigliaco 2011,0.6,1.67,1.1199999999999999e-09,,,,
440,2MASS J05390193-0235029,Rigliaco 2011,0.2,0.53,1.38e-10,,,,
441,2MASS J05390193-0235029,Rigliaco 2012,0.19,0.46,4.0700000000000006e-11,9.508527594121775e-11,6.221964807895967e-11,,7.86524620100887e-11
442,2MASS J05390297-0241272,Rigliaco 2011,0.35,1.19,2.4500000000000003e-10,,,,
443,ESO-HA 1693,Rigliaco 2011,0.35,1.04,3.1600000000000005e-10,,,,
444,2MASS J05390387-0220081,Rigliaco 2011,0.2,0.73,7.59e-11,,,,
445,Haro 5-19,Rigliaco 2011,0.8,1.73,7.41e-10,,,,
446,2MASS J05390853-0251465,Rigliaco 2011,0.6,1.53,4.17e-10,,,,
447,2MASS J05390878-0231115,Rigliaco 2011,0.2,1.03,4.27e-10,,,,
448,[KJN2005] 33,Rigliaco 2011,0.2,0.53,1.95e-11,,,,
449,Haro 5-20,Rigliaco 2011,0.7,1.31,2.9499999999999996e-10,,,,
450,[BZR99] S Ori 30,Rigliaco 2011,0.08,0.4,6.4599999999999995e-12,,,,
451,[BNM2013] 90.02 146,Rigliaco 2011,0.25,0.87,5.62e-11,,,,
452,2MASS J05391807-0229284,Rigliaco 2011,1.3,2.05,,,,,
453,Haro 5-21,Rigliaco 2011,0.9,1.68,5.75e-10,,,,
454,2MASS J16115979-3823383,Alcala 2017,0.15,0.85,6.310000000000001e-11,,,,
455,2MASS J16090141-3925119,Alcala 2017,0.24,1.25,2.0899999999999998e-10,,,,
456,2MASS J15450887-3417333,Alcala 2017,0.14,0.85,3.8900000000000004e-09,2.2421652459127005e-09,2.7658725721177844e-09,3.636032422286104e-09,2.881356746772196e-09
457,SSTc2dJ154518.5-342125,Alcala 2017,0.1,0.78,1.58e-11,1.779196700522269e-10,4.345803436321523e-11,9.716263042618533e-11,1.0618011161387581e-10
458,SSTc2dJ155925.2-423507,Alcala 2017,0.12,0.48,6.3099999999999996e-12,4.8355641548365844e-12,1.2158240116385086e-11,1.7276062544738434e-11,1.1423288938653368e-11
459,SSTc2dJ160000.6-422158,Alcala 2017,0.19,0.96,1.6199999999999998e-10,4.185011450754404e-11,1.6220437936602517e-10,1.930089711184605e-10,1.3235448833067656e-10
460,SSTc2dJ160002.4-422216,Alcala 2017,0.24,1.2,2.0400000000000002e-10,2.999788501508201e-10,2.6524991979113777e-10,6.142845386223469e-10,3.931711028547682e-10
461,SSTc2dJ160026.1-415356,Alcala 2017,0.14,0.91,1.32e-10,7.102129548430133e-11,1.9499942681117393e-10,2.455514907580432e-10,1.705240710178395e-10
462,SSTc2dJ160703.9-391112,Alcala 2017,0.17,0.23,3.16e-13,4.068450643579493e-13,1.7634004138806212e-12,3.2656452342080655e-12,1.8119635708155452e-12
463,SSTc2dJ160830.7-382827,Alcala 2017,1.81,2.41,8.51e-10,,,,
464,SSTc2dJ160836.2-392302,Alcala 2017,0.47,2.63,1.91e-08,7.131530332556574e-09,,3.6442322348196143e-09,5.3878812836880945e-09
465,SSTc2dJ160927.0-383628,Alcala 2017,0.2,1.1,1.1200000000000001e-08,1.111966096388513e-09,,4.682094975806188e-10,7.900877969845658e-10
466,SSTc2dJ161018.6-383613,Alcala 2017,0.15,0.84,3.98e-11,2.079335215111117e-11,,,2.079335215111117e-11
467,SSTc2dJ161019.8-383607,Alcala 2017,0.1,1.03,5.0100000000000007e-11,9.008178566059857e-12,,,9.008178566059857e-12
468,SSTc2dJ161029.6-392215,Alcala 2017,0.22,1.29,1.51e-10,4.9959892462093673e-11,,,4.9959892462093673e-11
469,SSTc2dJ161243.8-381503,Alcala 2017,0.47,1.91,1.66e-09,1.196268511401818e-09,,,1.196268511401818e-09
470,SSTc2dJ161344.1-373646,Alcala 2017,0.16,0.9,1.15e-09,5.156564462358686e-10,,1.6345423183796824e-10,3.395553390369184e-10
471,Sz100,Alcala 2017,0.18,1.43,3.2399999999999997e-10,,,,
472,Sz103,Alcala 2017,0.25,1.41,9.120000000000001e-10,,,,
473,Sz104,Alcala 2017,0.18,1.11,1.5800000000000002e-10,,,,
474,Sz106,Alcala 2017,0.51,0.72,1.8200000000000002e-10,,,,
475,NAME Sz 108B,Alcala 2017,0.19,1.33,3.5499999999999996e-10,5.465930718749948e-10,2.1696920504056623e-10,2.360005167502056e-10,3.3318759788858884e-10
476,Sz110,Alcala 2017,0.26,1.61,2.51e-09,,,,
477,Sz111,Alcala 2017,0.46,1.4,7.76e-10,,,,
478,Sz112,Alcala 2017,0.2,1.52,1.95e-10,,,,
479,Sz113,Alcala 2017,0.19,0.83,1.4099999999999999e-09,,,,
480,Sz114,Alcala 2017,0.23,1.82,1.02e-09,,,,
481,Sz115,Alcala 2017,0.22,1.36,5.01e-10,,,,
482,Sz117,Alcala 2017,0.29,2.0,2.2399999999999997e-09,6.362412802153122e-10,4.113072583963232e-10,5.14272515992151e-10,5.206070182012621e-10
483,Sz118,Alcala 2017,1.09,1.82,1.07e-09,6.832064773540022e-10,9.274922676984602e-10,5.315947067688907e-10,7.140978172737844e-10
484,THA 15-42,Alcala 2017,0.46,1.1,1.55e-09,,,,
485,NAME THA 15-42B,Alcala 2017,0.34,0.58,1.38e-10,,,,
486,Sz129,Alcala 2017,0.8,1.23,3.8900000000000004e-09,1.2520543633962785e-09,9.755394691426517e-10,1.0039289760351422e-09,1.0771742695246908e-09
487,Sz130,Alcala 2017,0.37,1.03,7.08e-10,,,,
488,Sz131,Alcala 2017,0.3,1.04,5.62e-10,1.828457596108429e-10,8.837060013408961e-11,2.6765833113685614e-10,1.7962489696059622e-10
489,Sz65,Alcala 2017,0.76,1.84,2.4500000000000003e-10,3.347042096419945e-10,2.898245878706701e-10,6.415514158246483e-10,4.2202673777910427e-10
490,Sz66,Alcala 2017,0.31,1.29,2.6899999999999996e-09,,,,
491,Sz68,Alcala 2017,2.13,3.14,3.8e-09,5.868610959545958e-09,7.349338197805956e-09,4.723602078691309e-09,5.980517078681074e-09
492,Sz69,Alcala 2017,0.19,0.97,3.31e-10,,,,
493,Sz71,Alcala 2017,0.42,1.43,8.71e-10,,,,
494,Sz72,Alcala 2017,0.38,1.29,2.1899999999999997e-09,,,,
495,Sz73,Alcala 2017,0.82,1.35,6.609999999999999e-09,,,,
496,Sz74,Alcala 2017,0.29,3.13,1.38e-08,,,,
497,CD-35 10525,Alcala 2017,0.51,2.26,1.91e-08,3.441801445359393e-08,3.12590382467763e-08,3.151238797888348e-08,3.2396480226417904e-08
498,Sz76,Alcala 2017,0.25,1.24,5.01e-10,4.182562626847091e-10,4.364395898700811e-10,5.762601265513941e-10,4.769853263687281e-10
499,Sz77,Alcala 2017,0.79,1.5,1.55e-09,4.495430983242601e-10,1.7376799446205336e-09,1.9545689833162322e-09,1.3805973420870084e-09
500,NAME THA 15-10A,Alcala 2017,0.23,1.54,8.51e-10,1.324944468391584e-09,1.40191773012095e-09,9.178366964707601e-10,1.214899631661098e-09
501,NAME THA 15-10B,Alcala 2017,0.15,1.18,2e-10,1.1937963221303827e-10,3.195801117287259e-10,3.354149380268217e-10,2.5812489398952865e-10
502,THA 15-12,Alcala 2017,1.1,2.69,7.94e-09,2.6004510693316497e-09,3.024483555551777e-09,3.9618085474811874e-09,3.1955810574548716e-09
503,Sz83,Alcala 2017,0.75,2.39,6.46e-08,,,,
504,Sz84,Alcala 2017,0.18,1.21,5.37e-10,,,,
505,V* HO Lup A,Alcala 2017,0.57,1.61,7.240000000000001e-09,,,,
506,V* HO Lup B,Alcala 2017,0.2,1.12,1.8200000000000002e-10,,,,
507,Sz90,Alcala 2017,0.79,1.64,2.09e-09,8.13516044143136e-10,1.2125784681332192e-09,1.6382197175996163e-09,1.2214380766253238e-09
508,Sz91,Alcala 2017,0.47,1.36,1.8600000000000002e-09,,,,
509,Sz95,Alcala 2017,0.33,1.84,7.08e-10,8.546649139821563e-11,9.766118109463916e-11,1.222265402038831e-10,1.017847375655793e-10
510,Sz96,Alcala 2017,0.46,2.02,8.91e-10,3.7285853313249597e-10,1.072134147011162e-09,1.1434325065742593e-09,8.628083955726391e-10
511,Sz97,Alcala 2017,0.25,1.34,2.75e-10,,,,
512,Sz98,Alcala 2017,0.74,3.2,5.5e-08,1.4518867396071651e-08,1.2838231102139636e-08,1.1432460147339444e-08,1.2929852881850245e-08
513,Sz99,Alcala 2017,0.22,0.89,4.07e-10,,,,
514,V* UY Cha,Muzerolle 2005,0.18,1.2,,,,,
515,V* SX Cha,Muzerolle 2005,0.35,,,,,,
516,V* SX Cha,Muzerolle 2005,0.73,1.2,,,,,
517,NAME TW Hya b,Herczeg 2009,0.77,0.83,7.939999999999999e-10,7.559319589389712e-09,,,7.559319589389712e-09
518,UScoCTIO 112,Herczeg 2009,0.09,0.37,6.31e-13,5.5607858848317535e-12,,,5.5607858848317535e-12
519,V* UY Aur,Gullbring 1998,0.421,2.6,6.559999999999999e-08,,,,
520,PDS 70 b,Haffert 2019,0.0100191,,1.9079999999999997e-11,,,,
521,PDS 70 c,Haffert 2019,0.0041985,,9.542e-12,,,,
522,PDS 70 b,Wagner 2018,0.006679399999999999,0.10049,1.9040000000000004e-12,1.7621761838338332e-10,,,1.7621761838338332e-10
523,DH Tau b,Zhou 2014,0.0104962,0.271323,5.011999999999999e-12,6.951059767400753e-14,,,6.951059767400753e-14
524,DH Tau b,Zhou 2014,0.0104962,,5.0109999999999995e-12,,,,
525,Lk Ca 15b,Sallum 2015,0.004771,0.16078399999999998,5.725e-10,,,,
526,PDS 70 b ,Aoyama 2019,0.0114504,,3.817e-11,,,,
527,PDS 70 c,Aoyama 2019,0.009542,,9.542e-12,,,,
528,USCO J1608-2315,Petrus 2020,0.022903200000000002,0.26,8.128e-13,2.827468069763052e-12,,,2.827468069763052e-12
529,DENIS-P J1538317âˆ’103850,Nguyen-Thanh 2020,,0.29,,,,,
530,CD-35 10525B,Wu 2017,0.023855,0.5,5.0000000000000005e-12,1.889542330950218e-11,,,1.889542330950218e-11
531,PDS 70 b,Hashimoto 2020,0.0114504,0.20098,4.771e-10,1.7788309963945386e-12,,,1.7788309963945386e-12
