,name,ra,dec,pmra,pmdec,epmra,epmdec,rv,erv,plx,eplx
0,2MASS J16085953-3856275,242.24802607952998,-38.94110029411,-9.872,-23.526,0.465,0.3,,,6.6565,0.2796
1,2MASS J15414081-3345188,235.41993844292003,-33.7553303731,-19.095,-21.107,0.575,0.405,,,6.6964,0.3486
2,2MASS J16083733-3923109,242.15548996810003,-39.38647185371,-12.46,-24.016,1.798,0.873,,,5.3478,0.874
3,2MASS J16262152-2426009,246.58970277037002,-24.43372013257,-9.05,-25.287,0.40299999999999997,0.25,,,7.321,0.1942
4,2MASS J16270659-2441488,246.77744165029,-24.697019908260003,-5.694,-25.03,0.29100000000000004,0.19699999999999998,,,7.0362,0.1327
5,ISO-Oph 160,246.90592466488,-24.29871206033,-4.6930000000000005,-26.314,2.667,1.903,,,7.0079,0.9044
6,2MASS J16273863-2438391,246.91091767988,-24.644336867129997,-6.904,-24.646,1.0859999999999999,0.7190000000000001,,,7.0095,0.4997
7,2MASS J16281271-2411355,247.05298679365,-24.193370303729996,-6.087000000000001,-26.409000000000002,1.051,0.76,,,6.5901,0.5742
8,2MASS J04141188+2811535,63.54955404774999,28.198066642990003,9.077,-23.889,0.42100000000000004,0.21100000000000002,,,7.6285,0.1661
9,2MASS J04390396+2544264,69.76653526707,25.740560672470004,7.037000000000001,-20.605999999999998,0.36200000000000004,0.249,,,6.945,0.2107
10,2MASS J04414825+2534304,70.45107273714001,25.57507367388,4.511,-19.605,0.4,0.251,,,7.3442,0.2017
11,2MASS J04442713+2512164,71.11312309552,25.204479828389996,6.452999999999999,-20.154,0.23199999999999998,0.107,,,7.0915,0.1363
12,2MASS J12073346-3932539,181.88909057554,-39.54843991802,-64.083,-23.72,0.233,0.13,,,15.5242,0.1561
13,DENIS J160603.9-205644,241.51626632753997,-20.94577374616,-13.190999999999999,-21.976,0.547,0.27399999999999997,,,7.2913,0.2675
14,Oph 11,245.60496095316003,-24.08722187485,-15.79,-23.236,0.698,0.52,,,7.344,0.406
15,2MASS J11020983-3430355,165.5406281171,-34.509940862609994,-68.979,-13.805,0.32799999999999996,0.285,,,16.731,0.2121
16,2MASS J16060374-2219298,241.5156037277,-22.32507294108,,,,,,,,
17,2MASS J16072382-2211018,241.84922265945,-22.183958282210003,-17.958,-21.801,2.804,1.42,,,8.3818,1.243
18,2MASS J15591135-2338002,239.79724356136,-23.63354283923,-12.811,-25.735,0.6459999999999999,0.358,,,7.1459,0.3587
19,ISO-Oph 032,246.59124582209998,-24.744475192059998,-8.227,-25.155,0.457,0.34700000000000003,,,6.6112,0.2065
20,ISO-Oph 160,246.90592466488,-24.29871206033,-4.6930000000000005,-26.314,2.667,1.903,,,7.0079,0.9044
21,2MASS J16273863-2438391,246.91091767988,-24.644336867129997,-6.904,-24.646,1.0859999999999999,0.7190000000000001,,,7.0095,0.4997
22,2MASS J16274629-2431411,246.94284337854,-24.528236285349998,-8.295,-24.901999999999997,1.389,1.018,,,7.1967,0.7053
23,2MASS J12073346-3932539,181.88909057554,-39.54843991802,-64.083,-23.72,0.233,0.13,,,15.5242,0.1561
24,2MASS J04394748+2601407,69.94787355129,26.02787631047,6.627999999999999,-21.865,0.483,0.309,,,6.7966,0.2372
25,2MASS J16273863-2438391,246.91091767988,-24.644336867129997,-6.904,-24.646,1.0859999999999999,0.7190000000000001,,,7.0095,0.4997
26,Cl* IC 348 LRL 291,56.14185764668,32.1158301387,5.071000000000001,-7.546,0.894,0.56,,,4.2564,0.526
27,Cl* IC 348 LRL 415,56.12487348143001,32.16093531504,3.938,-6.117999999999999,1.984,1.3019999999999998,,,2.3926,1.5947
28,2MASS J04190126+2802487,64.75533699347,28.0467072173,,,,,,,,
29,2MASS J04272799+2612052,66.86667415169,26.20131514855,1.805,-23.448,2.4330000000000003,2.3280000000000003,,,7.4243,1.2143
30,2MASS J04300724+2608207,67.53021460560001,26.13898846192,2.667,-21.925,1.193,0.86,,,8.6163,0.533
31,2MASS J04305718+2556394,67.73837490937,25.94422311506,5.4239999999999995,-23.019000000000002,0.8859999999999999,0.596,,,8.1419,0.46
32,DENIS J160603.9-205644,241.51626632753997,-20.94577374616,-13.190999999999999,-21.976,0.547,0.27399999999999997,,,7.2913,0.2675
33,Cl* IC 348 LRL 382,56.12897751792,32.04559254336,,,,,,,,
34,Cl* IC 348 LRL 415,56.12487348143001,32.16093531504,3.938,-6.117999999999999,1.984,1.3019999999999998,,,2.3926,1.5947
35,2MASS J04321606+1812464,68.06699905353001,18.212808676170003,13.081,-17.566,0.20199999999999999,0.114,,,6.9146,0.0954
36,2MASS J11013205-7718249,165.38302105313,-77.30695815086,-24.715,1.682,0.578,0.515,,,5.776,0.3009
37,2MASS J04141188+2811535,63.54955404774999,28.198066642990003,9.077,-23.889,0.42100000000000004,0.21100000000000002,,,7.6285,0.1661
38,2MASS J04381486+2611399,69.56203313645,26.19433685804,4.013999999999999,-23.168000000000003,1.365,1.0070000000000001,,,6.8771,0.6942
39,2MASS J04390396+2544264,69.76653526707,25.740560672470004,7.037000000000001,-20.605999999999998,0.36200000000000004,0.249,,,6.945,0.2107
40,2MASS J04414825+2534304,70.45107273714001,25.57507367388,4.511,-19.605,0.4,0.251,,,7.3442,0.2017
41,2MASS J04554801+3028050,73.95011464468,30.4679078957,4.602,-23.697,0.254,0.149,,,6.0669,0.1754
42,2MASS J11011926-7732383,165.32953876285,-77.54409115461,-22.653000000000002,2.062,0.435,0.397,,,5.4081,0.1877
43,2MASS J11070324-7610565,166.76310865731,-76.18240541028001,-21.874000000000002,0.157,0.369,0.272,,,4.9541,0.1495
44,2MASS J04363893+2258119,69.16224820872,22.96988841448,9.548,-15.974,0.731,0.37200000000000005,,,5.4375,0.3327
45,2MASS J04394748+2601407,69.94787355129,26.02787631047,6.627999999999999,-21.865,0.483,0.309,,,6.7966,0.2372
46,[NC98] Cha HA 1,166.81900619682,-77.59811310276,-22.448,1.006,0.26,0.244,,,5.0812,0.1537
47,[NC98] Cha HA 10,167.09977716872,-77.6583469193,-22.89,-0.253,0.46299999999999997,0.41200000000000003,,,5.1343,0.2173
48,[NC98] Cha HA 11,167.12142964872,-77.65548785348001,-23.914,1.7519999999999998,0.556,0.495,,,5.2741,0.3044
49,[NC98] Cha HA 12,166.65771525865,-77.71919431599,-23.208000000000002,0.991,0.23,0.22699999999999998,,,5.3038,0.1413
50,[NC98] Cha HA 7,166.90679186595,-77.59188282503,-22.803,1.298,0.49,0.499,,,5.4277,0.2498
51,CHSM 17173,167.5923176348,-76.42051373019,-21.54,-0.5539999999999999,0.276,0.305,,,5.2587,0.1609
52,CHSM 7869,166.63610929796002,-76.42251839818,-21.046,-0.146,0.41200000000000003,0.34299999999999997,,,5.3437,0.2035
53,2MASS J04190126+2802487,64.75533699347,28.0467072173,,,,,,,,
54,2MASS J04185115+2814332,64.71317637007,28.242476307540002,8.613999999999999,-24.653000000000002,0.626,0.369,,,7.9582,0.3064
55,2MASS J04272799+2612052,66.86667415169,26.20131514855,1.805,-23.448,2.4330000000000003,2.3280000000000003,,,7.4243,1.2143
56,2MASS J04294568+2630468,67.44033869879,26.51284292194,6.867999999999999,-20.967,0.386,0.252,,,7.7986,0.2073
57,2MASS J04300724+2608207,67.53021460560001,26.13898846192,2.667,-21.925,1.193,0.86,,,8.6163,0.533
58,2MASS J04305718+2556394,67.73837490937,25.94422311506,5.4239999999999995,-23.019000000000002,0.8859999999999999,0.596,,,8.1419,0.46
59,[NC98] Cha HA 1,166.81900619682,-77.59811310276,-22.448,1.006,0.26,0.244,,,5.0812,0.1537
60,[NC98] Cha HA 2,166.92643370348998,-77.56649498688,,,,,,,,
61,[NC98] Cha HA 3,166.96727355152,-77.61583979849,-23.142,1.4380000000000002,0.195,0.187,,,5.0856,0.1245
62,[NC98] Cha HA 6,167.16412557669,-77.57131248089,-23.233,1.443,0.23199999999999998,0.237,,,5.5765,0.1322
63,2MASS J16262152-2426009,246.58970277037002,-24.43372013257,-9.05,-25.287,0.40299999999999997,0.25,,,7.321,0.1942
64,ISO-Oph 032,246.59124582209998,-24.744475192059998,-8.227,-25.155,0.457,0.34700000000000003,,,6.6112,0.2065
65,2MASS J16270659-2441488,246.77744165029,-24.697019908260003,-5.694,-25.03,0.29100000000000004,0.19699999999999998,,,7.0362,0.1327
66,ISO-Oph 032,246.59124582209998,-24.744475192059998,-8.227,-25.155,0.457,0.34700000000000003,,,6.6112,0.2065
67,ISO-Oph 158,246.90248613277,-24.47597332646,61.973,-11.024000000000001,0.09300000000000001,0.066,,,10.4354,0.045
68,ISO-Oph 160,246.90592466488,-24.29871206033,-4.6930000000000005,-26.314,2.667,1.903,,,7.0079,0.9044
69,CD-35 10525,237.30036427968997,-35.65150548032,-14.257,-23.596,0.09699999999999999,0.066,,,6.5868,0.0473
70,CD-35 10525,237.30036427968997,-35.65150548032,-14.257,-23.596,0.09699999999999999,0.066,,,6.5868,0.0473
71,GSC 06214-00210,245.47769209926003,-20.71933978411,-19.379,-31.248,0.10300000000000001,0.07,-4.59,0.88,9.188,0.043
72,GSC 06214-00210,245.47769209926003,-20.71933978411,-19.379,-31.248,0.10300000000000001,0.07,-4.59,0.88,9.188,0.043
73,2MASS J04554757+3028077,73.9482567293,30.46866446242,3.477,-23.996,0.223,0.13,,,6.3801,0.1518
74,2MASS J10561638-7630530,164.06781628846,-76.51475034484,-22.712,1.275,0.18,0.16,,,5.0895,0.1055
75,2MASS J10580597-7711501,164.52443474708,-77.19725969273,-23.199,2.441,0.231,0.204,,,5.3599,0.1045
76,2MASS J11072443-7743489,166.85127403201,-77.73023419745,-23.11,-0.289,0.379,0.379,,,5.1731,0.2291
77,2MASS J11075993-7715317,166.99910205809,-77.25881902801,-21.936,0.121,0.27699999999999997,0.237,,,5.1485,0.142
78,2MASS J11080234-7640343,167.00933794003998,-76.67620912609999,-22.213,0.892,0.201,0.2,,,5.1737,0.1104
79,2MASS J11173792-7646193,169.40757550566002,-76.77203594173001,-22.988000000000003,1.3869999999999998,0.35,0.275,,,6.2364,0.1933
80,2MASS J16081497-3857145,242.06233961617997,-38.95412331636,-18.468,-25.943,1.652,0.887,,,6.8639,0.8982
81,2MASS J16085324-3914401,242.22178358481003,-39.24459143931,-10.127,-23.458000000000002,0.16699999999999998,0.102,,,5.9628,0.1036
82,2MASS J16085373-3914367,242.22384284977997,-39.243650396670006,-6.875,-20.115,3.468,1.775,,,7.4799,2.4513
83,2MASS J16085529-3848481,242.23031452819,-38.81348341013,-11.322000000000001,-23.643,0.258,0.157,,,6.3486,0.1288
84,2MASS J16100133-3906449,242.50549389525003,-39.11255212252,-9.356,-23.405,0.35200000000000004,0.209,,,5.1932,0.1755
85,V* AA Tau,68.73094259500999,24.48130916098,3.483,-20.987,0.354,0.192,,,7.2888,0.1295
86,V* AB Aur,73.94104462031,30.551088764170004,3.926,-24.112,0.09699999999999999,0.068,,,6.14,0.0571
87,2MASS J15445789-3423392,236.24111882717997,-34.394363285420006,-19.049,-22.13,0.263,0.222,,,6.5405,0.1374
88,V* V866 Sco,242.88063697537999,-18.64060907865,-7.45,-26.891,0.2,0.141,,,7.817,0.0977
89,V* V866 Sco,242.88063697537999,-18.64060907865,-7.45,-26.891,0.2,0.141,,,7.817,0.0977
90,2MASS J16491530-1422087,252.31373184506,-14.369169409889999,-7.417000000000001,-23.733,0.11699999999999999,0.065,,,8.2655,0.0619
91,V* BF Ori,84.30526368664,-6.58348839967,0.88,0.46299999999999997,0.1,0.099,,,2.5702,0.0525
92,V* BP Tau,64.81601875455999,29.10736769915,8.627,-26.177,0.14400000000000002,0.105,,,7.7474,0.0578
93,[NC98] Cha HA 2,166.92643370348998,-77.56649498688,,,,,,,,
94,[NC98] Cha HA 5,167.10002779126998,-77.69650904186999,-22.959,0.5710000000000001,0.204,0.201,,,5.0815,0.1272
95,[NC98] Cha HA 6,167.16412557669,-77.57131248089,-23.233,1.443,0.23199999999999998,0.237,,,5.5765,0.1322
96,Haro 6-36,70.83428665405,29.66825311713,2.6069999999999998,-22.061999999999998,0.24600000000000002,0.11800000000000001,,,5.8422,0.1245
97,CI Tau,68.4667684561,22.84161922193,8.904,-17.067,0.10099999999999999,0.075,,,6.3008,0.0473
98,CK4,277.49252310339,1.2559643579000002,1.775,-8.501,0.40399999999999997,0.384,,,2.4212,0.2322
99,CV Cha,168.11503359433001,-76.73953190216999,-21.575,-1.048,0.047,0.045,,,5.1749,0.0263
100,CY Tau,64.39057887623,28.34622610351,9.18,-25.548000000000002,0.102,0.075,,,7.7591,0.0438
101,DE Tau,65.48186336029,27.9182673023,10.755,-27.221,0.174,0.083,,,7.8512,0.0657
102,DF Tau,66.76164902845001,25.7061231339,3.5039999999999996,-26.65,0.7929999999999999,0.685,,,8.0415,0.4213
103,DK Tau,67.68436728638001,26.023444930220002,6.244,-21.203000000000003,0.10400000000000001,0.079,,,7.781,0.0592
104,DN Tau,68.86410202472,24.24960744611,6.055,-20.771,0.131,0.087,,,7.7991,0.054
105,DO Tau,69.61914697103,26.180317029110004,6.127999999999999,-21.34,0.126,0.091,,,7.1746,0.0525
106,DQ Tau,71.72109510439,16.99998052171,4.74,-13.254000000000001,0.129,0.055999999999999994,,,5.0646,0.0518
107,DS Tau,71.95250611129,29.419670175179995,5.043,-24.334,0.076,0.04,,,6.2865,0.0442
108,2MASS J16030548-4018254,240.77282399456,-40.30715995775999,-10.095,-22.535999999999998,0.075,0.052000000000000005,,,6.3413,0.0376
109,2MASS J04323034+1731406,68.12651341096999,17.527839126529997,28.905,-39.615,2.151,1.976,,,-6.6525,1.0694
110,2MASS J04333405+2421170,68.39194796116,24.354652459,5.882999999999999,-20.551,0.10800000000000001,0.076,,,7.6626,0.046
111,2MASS J04333456+2421058,68.39404779763001,24.351538070209997,7.752999999999999,-20.483,0.095,0.07,,,7.7362,0.0435
112,2MASS J04551098+3021595,73.79577514913,30.36638805305,3.8989999999999996,-24.451,0.14800000000000002,0.07200000000000001,,,6.2642,0.0829
113,2MASS J16262152-2426009,246.58970277037002,-24.43372013257,-9.05,-25.287,0.40299999999999997,0.25,,,7.321,0.1942
114,TWA 3,167.61567341494,-37.531054930020005,-115.221,-17.324,0.127,0.147,,,27.3058,0.117
115,TWA 3,167.61567341494,-37.531054930020005,-115.221,-17.324,0.127,0.147,,,27.3058,0.117
116,2MASS J04333935+1751523,68.41406470707,17.8644484278,13.163,-18.613,0.348,0.198,,,7.322,0.1578
117,Cl* IC 348 LRL 165,56.147739727799994,32.1489625279,6.912999999999999,-8.647,0.905,0.539,,,3.1121,0.4978
118,2MASS J03441012+3204045,56.04218451588,32.06789947079,,,,,,,,
119,2MASS J03442980+3200545,56.12419231082,32.01513414239,3.016,-7.614,0.94,0.501,,,2.039,0.3952
120,2MASS J03435526+3207533,55.98031611204001,32.13144863698,4.194,-7.207999999999999,0.591,0.327,,,2.5621,0.3198
121,Cl* IC 348 LRL 336,56.134879541969994,32.05760065181,5.405,-7.426,1.305,0.6709999999999999,,,4.0217,0.6621
122,Cl* IC 348 LRL 382,56.12897751792,32.04559254336,,,,,,,,
123,IP Tau,66.23788357920999,27.19892457741,8.359,-26.747,0.11,0.076,,,7.6585,0.0421
124,2MASS J16253673-2415424,246.40305075376,-24.26193064672,-4.814,-27.205,0.28600000000000003,0.175,,,6.9994,0.1086
125,ISO-Oph 002,246.40883847413,-24.376830322199996,-5.497000000000001,-25.176,1.268,0.7709999999999999,,,6.9591,0.4597
126,2MASS J16253958-2426349,246.41508585742997,-24.4432377391,,,,,,,,
127,2MASS J16255052-2439145,246.4605000353,-24.65414618513,-4.3469999999999995,-23.113000000000003,0.125,0.08900000000000001,-4.23,8.22,7.0365,0.0628
128,2MASS J16255615-2420481,246.48398943808,-24.34684772185,-7.48,-26.615,0.135,0.083,,,7.4296,0.0455
129,2MASS J16260137-2425203,246.50569306877003,-24.42248331275,,,,,,,,
130,2MASS J16260329-2417464,246.51370456201,-24.29638249092,-8.251,-28.171,0.158,0.10099999999999999,,,7.3981,0.0745
131,2MASS J16260931-2434121,246.53881160124,-24.570167331820002,-7.337000000000001,-27.456999999999997,0.182,0.11900000000000001,,,7.0581,0.0726
132,2MASS J16261581-2419221,246.56590880781002,-24.32293084874,,,,,,,,
133,2MASS J16261684-2422231,246.57020147216,-24.37321447848,-8.896,-26.968000000000004,0.34299999999999997,0.205,,,7.237,0.1457
134,2MASS J16261706-2420216,246.57111365161,-24.33944831321,-6.596,-27.057,0.142,0.08900000000000001,,,7.4475,0.0592
135,2MASS J16261886-2428196,246.57861697092002,-24.47225607433,-8.993,-27.342,0.64,0.369,,,7.2243,0.2273
136,2MASS J16262101-2415414,246.58760206137,-24.261535793270003,-3.839,-2.678,1.168,0.7509999999999999,,,0.7367,0.5418
137,2MASS J16262152-2426009,246.58970277037002,-24.43372013257,-9.05,-25.287,0.40299999999999997,0.25,,,7.321,0.1942
138,ISO-Oph 032,246.59124582209998,-24.744475192059998,-8.227,-25.155,0.457,0.34700000000000003,,,6.6112,0.2065
139,ISO-Oph 036,246.59734048147004,-24.34999740229,-6.858,-26.451,0.225,0.126,-7.5,1.83,7.2538,0.0882
140,ISO-Oph 038,246.59867589452003,-24.720637300960004,-7.83,-26.295,0.172,0.133,-12.64,5.75,7.2221,0.0763
141,ISO-Oph 039,246.60017156593,-24.41346877354,-9.649,-24.676,0.369,0.244,,,7.2533,0.1646
142,ISO-Oph 040,246.6003316596,-24.270508844499997,-8.83,-24.204,0.248,0.157,,,7.3409,0.109
143,ISO-Oph 051,246.65345344497996,-24.26452051738,-5.172999999999999,-27.464000000000002,0.376,0.231,,,7.347,0.1727
144,ISO-Oph 056,246.67191978492,-24.67175056309,-13.305,-28.947,1.025,0.66,,,5.9622,0.3896
145,ISO-Oph 062,246.67892077592003,-24.34164459581,-0.426,-29.941,1.015,0.701,,,7.6262,0.3873
146,ISO-Oph 064,246.68230977674,-24.27601972818,-9.741,-24.773000000000003,1.1059999999999999,0.693,,,6.6366,0.4986
147,ISO-Oph 066,246.68455579002003,-24.720685072989998,-7.0089999999999995,-26.008000000000003,0.198,0.139,,,7.1368,0.0819
148,ISO-Oph 067,246.68759517882003,-24.38561992139,-8.208,-27.285999999999998,2.885,1.735,,,8.6298,0.9755
149,YLW 37,246.69345337063,-24.200120474400002,-2.7,-25.318,1.138,0.748,,,9.1294,0.5733
150,ISO-Oph 069,246.69604064584,-24.741721987720002,-4.551,-26.796999999999997,0.33,0.22399999999999998,,,6.867,0.1477
151,ISO-Oph 072,246.70406440432998,-24.64042905342,-4.118,-25.416999999999998,1.311,0.8490000000000001,,,7.5432,0.485
152,WL 18,246.70406440432998,-24.64042905342,-4.118,-25.416999999999998,1.311,0.8490000000000001,,,7.5432,0.485
153,ISO-Oph 073,246.70513924412003,-24.334280287989998,,,,,,,,
154,ISO-Oph 074,246.71296227082001,-24.34743135598,,,,,,,,
155,ISO-Oph 083,246.73655099262996,-24.231091096420002,-10.454,-24.836,0.45399999999999996,0.299,,,7.4685,0.2118
156,EM* SR 24,246.74377790392003,-24.76033098239,3.498,-31.822,1.0190000000000001,0.6459999999999999,,,8.7394,0.3466
157,EM* SR 24,246.74377790392003,-24.76033098239,3.498,-31.822,1.0190000000000001,0.6459999999999999,,,8.7394,0.3466
158,ISO-Oph 102,246.77744165029,-24.697019908260003,-5.694,-25.03,0.29100000000000004,0.19699999999999998,,,7.0362,0.1327
159,ISO-Oph 105,246.78790864131,-24.56908021474,-9.291,-25.671,1.026,0.741,,,7.6512,0.4723
160,ISO-Oph 106,246.78779787616,-24.20032831585,-6.937,-23.818,0.47100000000000003,0.289,,,7.0787,0.2126
161,ISO-Oph 110,246.79279694947002,-24.32029758646,-5.6129999999999995,-29.081,0.136,0.092,-7.33,1.64,7.2254,0.0566
162,ISO-Oph 116,246.80718614547996,-24.30480158987,-7.608,-27.392,0.512,0.33399999999999996,,,7.3211,0.2338
163,ISO-Oph 117,246.8075554225,-24.7255618402,-6.64,-24.156999999999996,0.987,0.665,,,6.8752,0.4407
164,ISO-Oph 123,246.82324064852997,-24.087253973470002,-8.009,-26.721999999999998,0.321,0.2,,,7.3215,0.1418
165,ISO-Oph 135,246.84549892232002,-24.29937447534,4.795,-20.485,2.464,1.5519999999999998,,,6.0372,1.0546
166,ISO-Oph 142,246.86404515063998,-24.52135843045,-7.276,-26.885,1.14,0.79,,,5.4473,0.5539
167,ISO-Oph 148,246.87938340858997,-24.56767956146,-5.691,-24.654,1.239,0.932,,,6.8208,0.5817
168,ISO-Oph 151,246.87850037453998,-24.41569802755,-5.45,-26.678,0.419,0.304,,,7.0952,0.2148
169,ISO-Oph 155,246.88794106327003,-24.68768328106,-8.807,-25.717,0.451,0.284,,,7.254,0.1732
170,ISO-Oph 156,246.89689602109,-24.642728331929998,-6.47,-24.671,0.255,0.162,,,6.949,0.1153
171,ISO-Oph 157,246.89855515867995,-24.759149828680002,-7.973,-26.738000000000003,0.478,0.276,,,6.9798,0.2114
172,ISO-Oph 163,246.90963972097,-24.61638476761,-7.492999999999999,-24.737,0.34600000000000003,0.222,,,7.4308,0.159
173,2MASS J16273863-2438391,246.91091767988,-24.644336867129997,-6.904,-24.646,1.0859999999999999,0.7190000000000001,,,7.0095,0.4997
174,ISO-Oph 166,246.91426055651002,-24.65442233967,-6.312,-25.326,0.21100000000000002,0.13,,,7.2983,0.0924
175,ISO-Oph 168,246.91781698737998,-24.367933479130002,-8.607000000000001,-27.646,0.1,0.07400000000000001,,,7.6654,0.0417
176,ISO-Oph 172,246.92789641772004,-24.64751327936,-5.987,-27.545,0.8759999999999999,0.586,,,6.6004,0.4618
177,ISO-Oph 176,246.94284337854,-24.528236285349998,-8.295,-24.901999999999997,1.389,1.018,,,7.1967,0.7053
178,ISO-Oph 178,246.95740966916,-24.42285016158,-9.533999999999999,-21.269000000000002,1.061,0.84,,,4.8541,0.5211
179,ISO-Oph 179,246.95816551593998,-24.738167277259997,-8.094,-28.156,2.867,2.002,,,7.8538,1.1317
180,ISO-Oph 180,246.95776294361,-24.42794877726,-12.225999999999999,-24.374000000000002,0.132,0.09300000000000001,,,7.0424,0.0622
181,ISO-Oph 181,246.96044669746001,-24.65085296031,1.3780000000000001,0.626,2.019,1.411,,,2.0122,0.9148
182,ISO-Oph 183,246.96623314302002,-24.77500153307,,,,,,,,
183,ISO-Oph 186,246.98180262707996,-24.747516586029995,-6.281000000000001,-24.721,0.986,0.6709999999999999,,,6.0763,0.4826
184,ISO-Oph 187,246.9815448436,-24.43845519557,-9.117,-26.414,0.08800000000000001,0.066,,,7.5123,0.0417
185,ISO-Oph 193,247.05298679365,-24.193370303729996,-6.087000000000001,-26.409000000000002,1.051,0.76,,,6.5901,0.5742
186,ISO-Oph 194,247.05744655384999,-24.547182144759997,-6.808,-24.09,0.434,0.29100000000000004,,,7.036,0.212
187,ISO-Oph 195,247.06970239781003,-24.0874502123,-7.2,-24.625,0.225,0.127,,,7.2205,0.11
188,ISO-Oph 196,247.06877102491,-24.616238412090002,-7.141,-25.833000000000002,0.28300000000000003,0.185,,,7.2948,0.1365
189,ISO-Oph 198,247.13615402035,-24.37929012816,-9.467,-28.057,0.121,0.08800000000000001,,,7.3527,0.063
190,ISO-Oph 199,247.18861043968997,-24.472046024639997,-7.79,-34.545,1.952,1.847,,,12.1961,0.9432
191,2MASS J11095215-7639128,167.46683598122,-76.65357967906999,-21.546,-0.434,0.442,0.37,,,4.1642,0.2203
192,2MASS J11104141-7720480,167.67200715174,-77.34665421292,-21.623,0.485,0.614,0.465,,,4.8966,0.286
193,2MASS J06443291+0023546,101.13728852433,0.39850979853,,,,,,,,
194,2MASS J06443294+0010528,101.13741445021,0.18143219702,,,,,,,,
195,2MASS J06443541+0019093,101.14752237923,0.3192384803,-0.457,0.077,0.265,0.264,,,0.1877,0.1486
196,2MASS J06443682+0016186,101.15341854149,0.27182923112,-0.529,0.044000000000000004,0.15,0.14400000000000002,,,0.3417,0.0823
197,2MASS J06443788+0021509,101.15785312948,0.3641741426199999,-0.341,0.424,0.127,0.124,,,0.1507,0.0623
198,2MASS J06443827+0019229,101.15943700333,0.32304470297,-0.777,0.9259999999999999,0.21,0.20800000000000002,,,0.377,0.1052
199,2MASS J06444496+0019335,101.18735502445,0.32597221253,-0.38799999999999996,0.043,0.233,0.231,,,-0.0509,0.1185
200,[CRA2011] D25 J06444714+0013320,101.19642925918001,0.22547777239,-1.3880000000000001,-0.59,0.43200000000000005,0.48700000000000004,,,-0.3915,0.3056
201,2MASS J06444936+0020245,101.20588844424,0.34019835123000003,-0.354,0.805,0.501,0.601,,,0.2613,0.239
202,2MASS J06445577+0013168,101.23239643209,0.22132517658000003,-0.43799999999999994,0.078,0.071,0.071,,,0.19,0.0435
203,2MASS J06445837+0014151,101.24320775648,0.23753326661,-0.266,0.071,0.135,0.158,,,0.12,0.0785
204,2MASS J06450075+0013356,101.2531266478,0.22653851093000002,-0.607,0.326,0.7290000000000001,0.8809999999999999,,,-0.3975,0.4215
205,2MASS J06450208+0019443,101.25867499663,0.32896744143,-0.358,0.32799999999999996,0.16,0.177,,,0.1172,0.0846
206,2MASS J06450274+0018077,101.26145533853001,0.30213582034,-0.401,1.618,0.45799999999999996,0.49200000000000005,,,-0.1538,0.261
207,2MASS J06450681+0013535,101.27839451902,0.23153528226,-0.17600000000000002,-0.162,0.183,0.226,,,0.0579,0.0903
208,2MASS J06450971+0014121,101.29044485611999,0.2367011162,-0.28300000000000003,0.256,0.10800000000000001,0.139,,,0.1805,0.0533
209,2MASS J06451318+0018307,101.30503835278,0.30854122208,,,,,,,,
210,2MASS J06451616+0022238,101.31732898788,0.37333953923,-2.531,-5.029,1.055,1.175,,,-0.6786,0.5844
211,2MASS J06451701+0022077,101.32088221946998,0.36881298731,-0.295,0.253,0.183,0.17800000000000002,,,0.2975,0.1082
212,2MASS J06451727+0023454,101.3220584654,0.39644629356,0.424,1.8090000000000002,0.44,0.486,,,0.6052,0.237
213,2MASS J06451841+0022189,101.32674369576,0.37172567698,-3.6210000000000004,0.855,0.473,0.6920000000000001,,,0.6762,0.2887
214,2MASS J06452454+0022448,101.35226695466999,0.37910899545000004,2.983,2.318,0.9009999999999999,0.7909999999999999,,,3.0649,0.6261
215,2MASS J06452774+0015514,101.36557082323,0.2644174304,-1.3880000000000001,1.807,1.067,1.0290000000000001,,,0.2756,0.6289
216,2MASS J04174955+2813318,64.45652921192,28.225383194549998,8.81,-25.219,0.23800000000000002,0.188,,,7.2796,0.1166
217,2MASS J04183030+2743208,64.62630140648001,27.722289610909996,8.732999999999999,-26.265,0.196,0.145,,,7.6986,0.0939
218,2MASS J04330781+2616066,68.28257873281,26.26841510605,7.167999999999999,-17.312,0.504,0.316,,,6.5681,0.2119
219,2MASS J04262939+2624137,66.62251143632,26.403734799400002,10.898,-17.854,0.364,0.289,,,6.4152,0.2272
220,2MASS J19013357-3700304,285.38992803981,-37.00857763021,4.467,-26.064,0.71,0.617,,,6.7776,0.3819
221,[LEM2005] Lup 607,242.11709654999,-39.21947454473,-14.859000000000002,-20.544,0.335,0.21899999999999997,,,5.706,0.2077
222,2MASS J16073773-3921388,241.90716161606002,-39.36086286979,-11.264000000000001,-22.99,0.39799999999999996,0.20600000000000002,,,5.7341,0.1546
223,2MASS J16095628-3859518,242.48481910540002,-38.99816256242,-4.7219999999999995,-1.182,0.963,0.525,,,0.4543,0.4407
224,MHO 5,68.06699905353001,18.212808676170003,13.081,-17.566,0.20199999999999999,0.114,,,6.9146,0.0954
225,MHO 6,68.09218107498,18.461766661989998,11.796,-18.596,0.222,0.113,,,7.0463,0.097
226,MY Lup,240.18543359797997,-41.925359520309996,-11.429,-23.399,0.095,0.069,-2.86,4.38,6.3863,0.0475
227,THA 15-35,242.25764996778,-39.08688532073,-9.656,-23.930999999999997,0.095,0.063,,,6.1633,0.0531
228,RXJ1556.1-3655,239.00868378317,-36.9246175675,-11.66,-22.503,0.073,0.047,,,6.3287,0.0367
229,RY Lup,239.86821511494998,-40.36433168222,-10.046,-21.854,0.138,0.094,,,6.2854,0.0703
230,2MASS J05392174-0244038,84.84062104656,-2.73442714482,0.8590000000000001,-2.7060000000000004,0.052000000000000005,0.045,58.43,2.93,0.5023,0.0303
231,2MASS J05392633-0228376,84.85974424943001,-2.4771440923,1.524,-0.843,0.184,0.177,,,2.7001,0.1387
232,2MASS J05392677-0242583,84.86156509849,-2.71621458723,1.869,-0.7809999999999999,0.16,0.132,,,2.3865,0.0898
233,[BZR99] S Ori 36,84.86191122763,-2.61562172316,,,,,,,,
234,2MASS J05392935-0227209,84.87231083614,-2.45584468874,1.651,-0.251,0.10300000000000001,0.099,,,2.5824,0.0686
235,V* RV Ori,84.91737936845,-2.34667694435,2.405,-0.16699999999999998,0.04,0.040999999999999995,,,2.5133,0.0251
236,2MASS J05394318-0232433,84.92994193059,-2.54538361493,1.8230000000000002,-0.344,0.14,0.13,,,2.7562,0.1003
237,[BZR99] S Ori 10,84.93544849515,-2.41201389119,1.983,-0.385,0.273,0.261,,,2.4195,0.2166
238,2MASS J05394944-0223459,84.95602612001,-2.3961012867400004,2.387,-0.021,0.159,0.152,,,2.2915,0.1181
239,Haro 5-32,84.9734280898,-2.5618692388900004,2.4,-0.314,0.11699999999999999,0.102,,,2.5795,0.0694
240,2MASS J05395421-0227326,84.97586141986,-2.45909274907,1.87,-0.49,0.196,0.182,,,2.6194,0.1424
241,Mayrit 1045094,84.97635517403,-2.6219415879,2.542,-1.48,0.738,0.677,,,2.3001,0.3895
242,Haro 5-34,84.97774187581,-2.77614995111,2.123,-0.725,0.051,0.048,,,2.4585,0.0303
243,2MASS J05400101-0219597,85.00423860586,-2.3332893233700003,2.201,-0.4,0.171,0.17300000000000001,,,2.4791,0.1294
244,Haro 5-36,85.00815934559,-2.3590648907799996,2.419,0.016,0.126,0.125,,,2.6834,0.0838
245,V* V608 Ori,85.03703539297,-2.5593852941299997,2.217,-0.22899999999999998,0.062,0.053,,,2.4816,0.0347
246,2MASS J05380097-0226079,84.50406373109999,-2.43554293091,1.749,-1.328,0.105,0.08800000000000001,,,2.8637,0.0552
247,Kiso A-0904 67,84.52811154198001,-2.50632046252,1.035,-0.38299999999999995,0.07400000000000001,0.07400000000000001,,,2.3539,0.0424
248,2MASS J05381319-0226088,84.55498861871,-2.43573769993,,,,,,,,
249,2MASS J05381824-0248143,84.57602302779999,-2.80400173814,1.3430000000000002,-0.9890000000000001,0.12300000000000001,0.109,,,2.4818,0.0792
250,[W96] rJ053820-0234,84.58543521045,-2.56916238656,1.204,-0.488,0.276,0.226,,,2.9181,0.165
251,2MASS J05382307-0236493,84.59641873319,-2.61368282818,,,,,,,,
252,V* V2725 Ori,84.59724373079,-2.4262850932099997,1.693,-1.48,0.209,0.19899999999999998,,,2.6476,0.1118
253,V* V2726 Ori,84.59829442636999,-2.34656737003,,,,,,,,
254,V* V2728 Ori,84.60599298768001,-2.7114667859400003,1.9669999999999999,-1.2,0.8290000000000001,0.85,,,2.9507,0.3527
255,[BNM2013] 93.03 227,84.61184879996999,-2.64614636691,1.107,-1.2990000000000002,0.251,0.21899999999999997,,,2.835,0.141
256,V* V505 Ori,84.61357197978,-2.75269989123,1.129,-0.675,0.064,0.057999999999999996,,,2.5164,0.0386
257,Kiso A-0976 329,84.61463530578,-2.58450957665,1.266,-0.319,0.11900000000000001,0.102,,,2.4787,0.0678
258,Mayrit 803197,84.62032929267,-2.8133046483599995,,,,,,,,
259,Haro 5-9,84.62150370305001,-2.2710444370400005,0.345,0.769,0.047,0.042,,,2.412,0.0355
260,Haro 5-11,84.63093333981,-2.60941530711,,,,,,,,
261,[W96] rJ053831-0235,84.63162785212,-2.58749580812,,,,,,,,
262,V* TX Ori,84.6403707853,-2.7372706619700002,-1.29,-2.701,0.461,0.39,,,1.7486,0.2591
263,[W96] rJ053833-0236,84.64192171144,-2.61043801395,-0.327,1.114,0.37,0.331,,,2.5997,0.215
264,[BNM2013] 93.03 29,84.64418964719,-2.6857882746499997,1.135,-0.6990000000000001,0.172,0.138,,,2.4897,0.0951
265,V* TY Ori,84.64949062964001,-2.7308984938300003,1.4469999999999998,-0.5760000000000001,0.079,0.069,,,2.431,0.041
266,[W96] 4771-1147,84.66038077498,-2.5819710652000003,0.85,-0.22,0.063,0.061,,,2.4196,0.0372
267,2MASS J05383902-0245321,84.66263690648,-2.75895162787,1.155,-0.45399999999999996,0.149,0.12300000000000001,,,2.3346,0.0822
268,2MASS J05383976-0232203,84.66569584524,-2.5390001533,,,,,,,,
269,Haro 5-13,84.66780998524,-2.50515781068,0.897,-0.5539999999999999,0.055999999999999994,0.051,,,2.6265,0.0353
270,2MASS J05384053-0233275,84.66891102567,-2.55766846949,0.7440000000000001,0.0,0.165,0.14800000000000002,,,2.6874,0.1036
271,[BNM2013] 92.01 24,84.67333104034999,-2.5080375152200003,1.183,-0.691,0.128,0.11599999999999999,,,2.5751,0.0794
272,[W96] 4771-1051,84.68431685463,-2.6721631531599996,1.517,-0.9890000000000001,0.039,0.038,,,2.4952,0.0238
273,2MASS J05384448-0240376,84.68538235292,-2.67715072367,1.179,-0.39,0.68,0.679,,,3.1761,0.397
274,V* V595 Ori A or,84.68913633876,-2.69982590907,2.332,0.47600000000000003,0.377,0.326,,,4.7093,0.2424
275,2MASS J05384755-0227120,84.69811271748,-2.45334465109,1.339,-0.585,0.16,0.14300000000000002,,,2.6269,0.1012
276,[W96] 4771-899,84.70016042021,-2.4539368361,,,,,,,,
277,[BZR99] S Ori 15,84.70041812941,-2.48158095798,1.281,-0.715,0.309,0.275,,,2.7477,0.2095
278,2MASS J05384818-0244007,84.70079898640999,-2.73357629847,1.067,-1.199,0.348,0.287,,,2.3393,0.181
279,V* V2737 Ori,84.70535143159,-2.3993410127200003,1.206,-0.23800000000000002,0.322,0.282,,,2.4287,0.3065
280,[BNM2013] 92.01 11,84.70992902921999,-2.4465810567900004,-2.8110000000000004,4.958,0.738,0.643,,,2.9825,0.479
281,2MASS J05385060-0242429,84.71087501513,-2.7119372843900003,1.131,-0.6990000000000001,0.247,0.207,,,2.5072,0.1412
282,V* RU Ori,84.71671177771,-2.77881575777,1.63,-1.011,0.063,0.052000000000000005,,,2.4709,0.0296
283,2MASS J05385831-0216101,84.7430013902,-2.26947968211,0.665,0.45799999999999996,0.067,0.057,,,2.5082,0.0408
284,Haro 5-18,84.74678749803,-2.56428503651,1.7819999999999998,-0.565,0.111,0.099,,,2.525,0.0767
285,Haro 5-16,84.75572004578,-2.3076270774200003,1.7519999999999998,-0.115,0.055,0.053,,,2.3785,0.0362
286,2MASS J05390193-0235029,84.75808708865,-2.58414134593,1.9180000000000001,-0.348,0.33,0.289,,,2.9774,0.2068
287,2MASS J05390297-0241272,84.76241792436,-2.6908822162299995,1.367,-0.67,0.127,0.11199999999999999,,,2.4378,0.0856
288,ESO-HA 1693,84.76491556968,-2.7741858225700002,2.187,-1.3119999999999998,0.188,0.161,,,2.6975,0.0904
289,2MASS J05390387-0220081,84.76613906287,-2.33558804873,1.8630000000000002,0.006999999999999999,0.19399999999999998,0.184,,,2.8797,0.1471
290,Haro 5-19,84.78169415376,-2.5442242211200004,1.9240000000000002,-1.508,0.051,0.048,,,2.4943,0.0341
291,2MASS J05390853-0251465,84.78554205754001,-2.86294475754,3.1519999999999997,-1.632,0.255,0.213,,,2.326,0.1256
292,2MASS J05390878-0231115,84.78659306337,-2.51988507575,1.095,-0.09300000000000001,0.16899999999999998,0.14800000000000002,,,2.9821,0.133
293,[KJN2005] 33,84.7918482187,-2.46984515713,28.943,10.012,0.282,0.267,,,4.1785,0.1981
294,Haro 5-20,84.79799921213001,-2.5184958236900004,1.8730000000000002,-0.33899999999999997,0.059000000000000004,0.057,,,2.4349,0.0404
295,[BZR99] S Ori 30,84.80453151803,-2.63082765181,2.292,-0.537,0.855,0.735,,,2.9523,0.4972
296,[BNM2013] 90.02 146,84.81596401133001,-2.61410218761,1.805,-0.405,0.159,0.139,,,2.6226,0.1057
297,2MASS J05391807-0229284,84.82531439533001,-2.49126134398,2.072,-1.369,0.069,0.069,24.6,5.31,2.6776,0.0451
298,Haro 5-21,84.82849115635,-2.5147867242900004,1.751,-0.5429999999999999,0.11699999999999999,0.075,,,2.486,0.0571
299,2MASS J16115979-3823383,242.99909643725,-38.39409075186,-9.115,-22.656,0.20800000000000002,0.114,,,6.0777,0.1269
300,2MASS J16090141-3925119,242.25584044999002,-39.4200811813,-9.845,-23.796,0.149,0.085,,,6.0861,0.0831
301,2MASS J15450887-3417333,236.28689693385,-34.29272194387,-15.585,-21.808000000000003,0.39,0.278,,,6.4533,0.2012
302,SSTc2dJ154518.5-342125,236.32707108547,-34.356917098850005,-15.144,-21.77,0.34299999999999997,0.22399999999999998,,,6.5891,0.1831
303,SSTc2dJ155925.2-423507,239.85504110102002,-42.5852732133,-17.826,-26.401999999999997,0.19899999999999998,0.146,,,6.7926,0.1034
304,SSTc2dJ160000.6-422158,240.00244164025003,-42.36588571422,-11.842,-23.713,0.145,0.09699999999999999,,,6.2033,0.0751
305,SSTc2dJ160002.4-422216,240.00975949315,-42.37082221726,-12.43,-23.53,0.175,0.10099999999999999,,,6.0912,0.0784
306,SSTc2dJ160026.1-415356,240.10877567205003,-41.89881418107,-10.231,-22.568,0.179,0.134,,,6.0852,0.0948
307,SSTc2dJ160703.9-391112,241.76596229447998,-39.186577541270005,,,,,,,,
308,SSTc2dJ160830.7-382827,242.12785984707,-38.47423282248,-9.74,-25.235,0.083,0.052000000000000005,,,6.4055,0.0394
309,SSTc2dJ160836.2-392302,242.15068277167998,-39.38411814966,-9.83,-23.435,0.1,0.057,2.69,4.1,6.5086,0.0452
310,SSTc2dJ160927.0-383628,242.36236400174,-38.60758037285,-9.511000000000001,-22.9,0.18899999999999997,0.111,,,6.2753,0.0942
311,SSTc2dJ161018.6-383613,242.57731593473,-38.60360808362,-9.485,-25.214000000000002,0.207,0.129,,,6.2972,0.0929
312,SSTc2dJ161019.8-383607,242.58258957855,-38.60193816839,-9.404,-25.563000000000002,0.299,0.183,,,6.3061,0.1359
313,SSTc2dJ161029.6-392215,242.62308052413,-39.3707869574,-8.955,-24.325,0.161,0.099,,,6.1262,0.084
314,SSTc2dJ161243.8-381503,243.18224481012,-38.25095081275,-8.562000000000001,-22.391,0.095,0.053,,,6.2573,0.0482
315,SSTc2dJ161344.1-373646,243.43368010375,-37.61295086443,-13.386,-23.349,0.18,0.10099999999999999,,,6.25,0.0854
316,Sz 100,242.10729046992995,-39.10044177284001,-11.614,-23.853,0.29,0.17,,,7.3025,0.1702
317,Sz 103,242.12606891567998,-39.1032047579,-9.377,-23.378,0.17300000000000001,0.099,,,6.2696,0.1061
318,Sz 104,242.12834301362003,-39.097004459690005,-9.447000000000001,-24.209,0.171,0.106,,,6.0437,0.0858
319,Sz 106,242.16560450246,-39.107135071959995,-11.145,-23.593000000000004,0.095,0.059000000000000004,,,6.1855,0.0579
320,Sz 108,242.17802387302999,-39.10519864237,-11.3,-26.723000000000003,0.095,0.063,-1.54,0.84,6.6079,0.0543
321,Sz 110,242.21481964459,-39.05501896771,-9.579,-23.389,0.087,0.052000000000000005,,,6.2693,0.0451
322,Sz 111,242.22779978354,-39.62874900765,-9.527999999999999,-22.643,0.057999999999999996,0.039,,,6.3159,0.03
323,Sz 112,242.23131467080003,-39.042865782,-10.306,-24.324,0.147,0.08800000000000001,,,6.2393,0.0755
324,Sz 113,242.24079041152,-39.03978156721,-10.243,-23.358,0.15,0.091,,,6.1261,0.0755
325,Sz 114,242.25764996778,-39.08688532073,-9.656,-23.930999999999997,0.095,0.063,,,6.1633,0.0531
326,Sz 115,242.27582837628998,-39.14784629947,-11.137,-24.233,0.132,0.091,,,6.3329,0.085
327,Sz 117,242.43479101114,-39.225151738529995,-8.248,-24.451,0.105,0.055,,,6.3067,0.0461
328,Sz 118,242.45267558855,-39.188114633270004,-10.196,-23.655,0.092,0.053,,,6.1011,0.0471
329,THA 15-42,242.71488773113998,-38.88725839603,-9.082,-23.358,0.09300000000000001,0.063,,,6.1419,0.0463
330,Sz 129,239.81857051582,-41.95296070976,-10.463,-23.114,0.09,0.06,,,6.185,0.0505
331,Sz 130,240.12926021753998,-41.7270417105,-10.863,-23.165,0.083,0.055,,,6.2395,0.0391
332,Sz 131,240.20590859227002,-41.501190486940004,-11.179,-23.666,0.11,0.07400000000000001,,,6.238,0.0528
333,Sz 65,234.86564598812,-34.77154272702,-13.270999999999999,-22.241999999999997,0.12,0.069,-5.11,3.33,6.4394,0.0517
334,Sz 66,234.86777661078997,-34.771783554,-13.602,-21.565,0.19699999999999998,0.11900000000000001,,,6.3557,0.0849
335,Sz 68,236.30354156349,-34.2919393866,-13.625,-21.605,0.128,0.081,,,6.4853,0.0605
336,Sz 69,236.3224713875,-34.30795452177,-15.05,-22.146,0.155,0.111,,,6.4705,0.0818
337,Sz 71,236.68629868897997,-34.51001092616,-14.027999999999999,-23.361,0.10400000000000001,0.065,,,6.4147,0.0551
338,Sz 72,236.96087901343998,-35.47660096683,-14.263,-23.16,0.09699999999999999,0.064,,,6.4148,0.0459
339,Sz 73,236.98718906132999,-35.24309526055,-14.203,-22.264,0.11199999999999999,0.073,,,6.3784,0.0545
340,Sz 74,237.02173123203,-35.2648042119,,,,,,,,
341,CD-35 10525,237.30036427968997,-35.65150548032,-14.257,-23.596,0.09699999999999999,0.066,,,6.5868,0.0473
342,Sz 76,237.37799658633998,-35.83105015191,-12.767000000000001,-23.37,0.11,0.077,,,6.2681,0.0508
343,Sz 77,237.94559196313,-35.94569095753,-12.418,-24.158,0.08800000000000001,0.057999999999999996,-4.07,2.21,6.459,0.0519
344,THA 15-10,238.95944340826,-38.02612573539,-11.659,-22.951,0.129,0.078,,,6.2554,0.0612
345,THA 15-12,239.03829529287998,-37.93513716402,-12.091,-23.718000000000004,0.12,0.07400000000000001,,,6.3113,0.0535
346,Sz 83,239.17623287741,-37.82106488929001,-11.546,-23.234,0.139,0.09,,,6.2667,0.0673
347,Sz 84,239.51043318947998,-37.60085743292,-13.224,-22.804000000000002,0.198,0.129,,,6.5512,0.1016
348,V* HO Lup,241.75243653992996,-39.03885359137,-11.165999999999999,-22.953000000000003,0.102,0.062,,,6.3119,0.0489
349,Sz 90,241.79190408686,-39.18434797134,-9.279,-25.434,0.11199999999999999,0.057999999999999996,,,6.2344,0.045
350,Sz 91,241.79822516749002,-39.0632902972,-10.201,-22.851,0.152,0.076,,,6.2869,0.0646
351,Sz 95,241.96790366632004,-38.96845963703,-10.850999999999999,-23.386999999999997,0.134,0.075,,,6.3222,0.0767
352,Sz 96,242.05257169722,-39.14273124184,-10.095,-23.412,0.096,0.061,,,6.3877,0.0533
353,Sz 97,242.09079904542003,-39.07273992501,-9.144,-24.139,0.11800000000000001,0.069,,,6.339,0.0687
354,Sz 98,242.0936697171,-39.079668663490004,-9.594,-24.475,0.094,0.053,,,6.4013,0.0502
355,Sz 99,242.10012524487004,-39.09716668596,-8.999,-23.609,0.15,0.08800000000000001,,,6.2881,0.0882
356,V* UY Cha,166.7454841256,-77.31482771806999,-23.319000000000003,1.714,0.09699999999999999,0.09699999999999999,,,5.2538,0.0576
357,V* SX Cha,163.99870109578998,-77.41114629596998,-23.813000000000002,2.193,0.059000000000000004,0.053,,,5.403,0.0312
358,TW Hya,165.46591445018,-34.704791332359996,-68.389,-14.015999999999998,0.054000000000000006,0.059000000000000004,,,16.6428,0.0416
359,UScoCTIO 112,240.11121287383997,-20.94219138582,-10.546,-17.225,0.48100000000000004,0.32299999999999995,,,6.1617,0.2008
360,V* UY Aur,72.94748045502,30.786986013570004,4.379,-25.971999999999998,0.11900000000000001,0.057,,,6.4264,0.0591
